element_id,orientation,glass_area_m2,annual_radiation_kwh_m2,capacity_kw,annual_energy_kwh,specific_yield_kwh_kw,power_density_w_m2,total_cost_eur,cost_per_kw_eur,panel_efficiency_%,panel_transparency_%,panel_cost_per_m2_eur
367277,West (225-315°),23.39,1500,4.00,4799.63,1200.00,171.00,8420.40,2105.26,0.19,0.15,400.00
367278,West (225-315°),23.39,1500,4.00,4799.63,1200.00,171.00,8420.40,2105.26,0.19,0.15,400.00
367279,West (225-315°),23.39,1500,4.00,4799.63,1200.00,171.00,8420.40,2105.26,0.19,0.15,400.00
367280,West (225-315°),23.39,1500,4.00,4799.63,1200.00,171.00,8420.40,2105.26,0.19,0.15,400.00
367274,West (225-315°),23.39,1500,4.00,4799.63,1200.00,171.00,8420.40,2105.26,0.19,0.15,400.00
367275,West (225-315°),23.39,1500,4.00,4799.63,1200.00,171.00,8420.40,2105.26,0.19,0.15,400.00
367276,West (225-315°),23.39,1500,4.00,4799.63,1200.00,171.00,8420.40,2105.26,0.19,0.15,400.00
367281,West (225-315°),23.39,1500,4.00,4799.63,1200.00,171.00,8420.40,2105.26,0.19,0.15,400.00
369332,East (45-135°),1.51,1500,0.26,309.85,1200.00,171.00,543.60,2105.26,0.19,0.15,400.00
369333,East (45-135°),1.51,1500,0.26,309.85,1200.00,171.00,543.60,2105.26,0.19,0.15,400.00
369460,East (45-135°),1.51,1500,0.26,309.85,1200.00,171.00,543.60,2105.26,0.19,0.15,400.00
369461,East (45-135°),1.51,1500,0.26,309.85,1200.00,171.00,543.60,2105.26,0.19,0.15,400.00
369471,East (45-135°),1.51,1500,0.26,309.85,1200.00,171.00,543.60,2105.26,0.19,0.15,400.00
369472,East (45-135°),1.51,1500,0.26,309.85,1200.00,171.00,543.60,2105.26,0.19,0.15,400.00
369482,East (45-135°),1.51,1500,0.26,309.85,1200.00,171.00,543.60,2105.26,0.19,0.15,400.00
369483,East (45-135°),1.51,1500,0.26,309.85,1200.00,171.00,543.60,2105.26,0.19,0.15,400.00
366884,West (225-315°),23.39,1500,4.00,4799.63,1200.00,171.00,8420.40,2105.26,0.19,0.15,400.00
366593,West (225-315°),23.39,1500,4.00,4799.63,1200.00,171.00,8420.40,2105.26,0.19,0.15,400.00
366594,West (225-315°),23.39,1500,4.00,4799.63,1200.00,171.00,8420.40,2105.26,0.19,0.15,400.00
366345,East (45-135°),23.39,1500,4.00,4799.63,1200.00,171.00,8420.40,2105.26,0.19,0.15,400.00
366379,West (225-315°),23.39,1500,4.00,4799.63,1200.00,171.00,8420.40,2105.26,0.19,0.15,400.00
366386,West (225-315°),23.39,1500,4.00,4799.63,1200.00,171.00,8420.40,2105.26,0.19,0.15,400.00
366595,West (225-315°),23.39,1500,4.00,4799.63,1200.00,171.00,8420.40,2105.26,0.19,0.15,400.00
350544,South (135-225°),10.68,1500,1.83,2191.54,1200.00,171.00,3844.80,2105.26,0.19,0.15,400.00
366874,West (225-315°),23.39,1500,4.00,4799.63,1200.00,171.00,8420.40,2105.26,0.19,0.15,400.00
367126,West (225-315°),1.51,1500,0.26,309.85,1200.00,171.00,543.60,2105.26,0.19,0.15,400.00
367134,West (225-315°),1.51,1500,0.26,309.85,1200.00,171.00,543.60,2105.26,0.19,0.15,400.00
369224,West (225-315°),1.51,1500,0.26,309.85,1200.00,171.00,543.60,2105.26,0.19,0.15,400.00
369225,West (225-315°),1.51,1500,0.26,309.85,1200.00,171.00,543.60,2105.26,0.19,0.15,400.00
369235,West (225-315°),1.51,1500,0.26,309.85,1200.00,171.00,543.60,2105.26,0.19,0.15,400.00
369236,West (225-315°),1.51,1500,0.26,309.85,1200.00,171.00,543.60,2105.26,0.19,0.15,400.00
369246,West (225-315°),1.51,1500,0.26,309.85,1200.00,171.00,543.60,2105.26,0.19,0.15,400.00
369247,West (225-315°),1.51,1500,0.26,309.85,1200.00,171.00,543.60,2105.26,0.19,0.15,400.00
385911,South (135-225°),13.43,1500,2.30,2755.84,1200.00,171.00,4834.80,2105.26,0.19,0.15,400.00
385912,South (135-225°),14.51,1500,2.48,2977.45,1200.00,171.00,5223.60,2105.26,0.19,0.15,400.00
386487,South (135-225°),13.43,1500,2.30,2755.84,1200.00,171.00,4834.80,2105.26,0.19,0.15,400.00
386488,South (135-225°),14.51,1500,2.48,2977.45,1200.00,171.00,5223.60,2105.26,0.19,0.15,400.00
386644,South (135-225°),13.43,1500,2.30,2755.84,1200.00,171.00,4834.80,2105.26,0.19,0.15,400.00
386645,South (135-225°),10.76,1500,1.84,2207.95,1200.00,171.00,3873.60,2105.26,0.19,0.15,400.00
386714,South (135-225°),13.43,1500,2.30,2755.84,1200.00,171.00,4834.80,2105.26,0.19,0.15,400.00
386715,South (135-225°),10.76,1500,1.84,2207.95,1200.00,171.00,3873.60,2105.26,0.19,0.15,400.00
386729,South (135-225°),13.43,1500,2.30,2755.84,1200.00,171.00,4834.80,2105.26,0.19,0.15,400.00
386730,South (135-225°),10.76,1500,1.84,2207.95,1200.00,171.00,3873.60,2105.26,0.19,0.15,400.00
386744,South (135-225°),13.43,1500,2.30,2755.84,1200.00,171.00,4834.80,2105.26,0.19,0.15,400.00
386745,South (135-225°),10.76,1500,1.84,2207.95,1200.00,171.00,3873.60,2105.26,0.19,0.15,400.00
386771,South (135-225°),13.43,1500,2.30,2755.84,1200.00,171.00,4834.80,2105.26,0.19,0.15,400.00
386772,South (135-225°),10.76,1500,1.84,2207.95,1200.00,171.00,3873.60,2105.26,0.19,0.15,400.00
386775,South (135-225°),13.43,1500,2.30,2755.84,1200.00,171.00,4834.80,2105.26,0.19,0.15,400.00
386776,South (135-225°),10.76,1500,1.84,2207.95,1200.00,171.00,3873.60,2105.26,0.19,0.15,400.00
386779,South (135-225°),13.43,1500,2.30,2755.84,1200.00,171.00,4834.80,2105.26,0.19,0.15,400.00
386780,South (135-225°),10.76,1500,1.84,2207.95,1200.00,171.00,3873.60,2105.26,0.19,0.15,400.00
383925,South (135-225°),1.51,1500,0.26,309.85,1200.00,171.00,543.60,2105.26,0.19,0.15,400.00
383926,South (135-225°),1.51,1500,0.26,309.85,1200.00,171.00,543.60,2105.26,0.19,0.15,400.00
383927,South (135-225°),13.43,1500,2.30,2755.84,1200.00,171.00,4834.80,2105.26,0.19,0.15,400.00
383928,South (135-225°),10.76,1500,1.84,2207.95,1200.00,171.00,3873.60,2105.26,0.19,0.15,400.00
384221,South (135-225°),1.51,1500,0.26,309.85,1200.00,171.00,543.60,2105.26,0.19,0.15,400.00
384222,South (135-225°),1.51,1500,0.26,309.85,1200.00,171.00,543.60,2105.26,0.19,0.15,400.00
384223,South (135-225°),13.43,1500,2.30,2755.84,1200.00,171.00,4834.80,2105.26,0.19,0.15,400.00
384224,South (135-225°),10.76,1500,1.84,2207.95,1200.00,171.00,3873.60,2105.26,0.19,0.15,400.00
384379,South (135-225°),1.51,1500,0.26,309.85,1200.00,171.00,543.60,2105.26,0.19,0.15,400.00
384380,South (135-225°),1.51,1500,0.26,309.85,1200.00,171.00,543.60,2105.26,0.19,0.15,400.00
384381,South (135-225°),13.43,1500,2.30,2755.84,1200.00,171.00,4834.80,2105.26,0.19,0.15,400.00
384382,South (135-225°),10.76,1500,1.84,2207.95,1200.00,171.00,3873.60,2105.26,0.19,0.15,400.00
384368,South (135-225°),1.51,1500,0.26,309.85,1200.00,171.00,543.60,2105.26,0.19,0.15,400.00
384369,South (135-225°),1.51,1500,0.26,309.85,1200.00,171.00,543.60,2105.26,0.19,0.15,400.00
384370,South (135-225°),13.43,1500,2.30,2755.84,1200.00,171.00,4834.80,2105.26,0.19,0.15,400.00
384371,South (135-225°),10.76,1500,1.84,2207.95,1200.00,171.00,3873.60,2105.26,0.19,0.15,400.00
384357,South (135-225°),1.51,1500,0.26,309.85,1200.00,171.00,543.60,2105.26,0.19,0.15,400.00
384358,South (135-225°),1.51,1500,0.26,309.85,1200.00,171.00,543.60,2105.26,0.19,0.15,400.00
384359,South (135-225°),13.43,1500,2.30,2755.84,1200.00,171.00,4834.80,2105.26,0.19,0.15,400.00
384360,South (135-225°),10.76,1500,1.84,2207.95,1200.00,171.00,3873.60,2105.26,0.19,0.15,400.00
384346,South (135-225°),1.51,1500,0.26,309.85,1200.00,171.00,543.60,2105.26,0.19,0.15,400.00
384347,South (135-225°),1.51,1500,0.26,309.85,1200.00,171.00,543.60,2105.26,0.19,0.15,400.00
384348,South (135-225°),13.43,1500,2.30,2755.84,1200.00,171.00,4834.80,2105.26,0.19,0.15,400.00
384349,South (135-225°),10.76,1500,1.84,2207.95,1200.00,171.00,3873.60,2105.26,0.19,0.15,400.00
384335,South (135-225°),1.51,1500,0.26,309.85,1200.00,171.00,543.60,2105.26,0.19,0.15,400.00
384336,South (135-225°),1.51,1500,0.26,309.85,1200.00,171.00,543.60,2105.26,0.19,0.15,400.00
384337,South (135-225°),13.43,1500,2.30,2755.84,1200.00,171.00,4834.80,2105.26,0.19,0.15,400.00
384338,South (135-225°),10.76,1500,1.84,2207.95,1200.00,171.00,3873.60,2105.26,0.19,0.15,400.00
384324,South (135-225°),1.51,1500,0.26,309.85,1200.00,171.00,543.60,2105.26,0.19,0.15,400.00
384325,South (135-225°),1.51,1500,0.26,309.85,1200.00,171.00,543.60,2105.26,0.19,0.15,400.00
384326,South (135-225°),13.43,1500,2.30,2755.84,1200.00,171.00,4834.80,2105.26,0.19,0.15,400.00
384327,South (135-225°),10.76,1500,1.84,2207.95,1200.00,171.00,3873.60,2105.26,0.19,0.15,400.00
384313,South (135-225°),1.51,1500,0.26,309.85,1200.00,171.00,543.60,2105.26,0.19,0.15,400.00
384314,South (135-225°),1.51,1500,0.26,309.85,1200.00,171.00,543.60,2105.26,0.19,0.15,400.00
384315,South (135-225°),13.43,1500,2.30,2755.84,1200.00,171.00,4834.80,2105.26,0.19,0.15,400.00
384316,South (135-225°),10.76,1500,1.84,2207.95,1200.00,171.00,3873.60,2105.26,0.19,0.15,400.00
384302,South (135-225°),1.51,1500,0.26,309.85,1200.00,171.00,543.60,2105.26,0.19,0.15,400.00
384303,South (135-225°),1.51,1500,0.26,309.85,1200.00,171.00,543.60,2105.26,0.19,0.15,400.00
384304,South (135-225°),13.43,1500,2.30,2755.84,1200.00,171.00,4834.80,2105.26,0.19,0.15,400.00
384305,South (135-225°),10.76,1500,1.84,2207.95,1200.00,171.00,3873.60,2105.26,0.19,0.15,400.00
384291,South (135-225°),1.51,1500,0.26,309.85,1200.00,171.00,543.60,2105.26,0.19,0.15,400.00
384292,South (135-225°),1.51,1500,0.26,309.85,1200.00,171.00,543.60,2105.26,0.19,0.15,400.00
384293,South (135-225°),13.43,1500,2.30,2755.84,1200.00,171.00,4834.80,2105.26,0.19,0.15,400.00
384294,South (135-225°),10.76,1500,1.84,2207.95,1200.00,171.00,3873.60,2105.26,0.19,0.15,400.00
384280,South (135-225°),1.51,1500,0.26,309.85,1200.00,171.00,543.60,2105.26,0.19,0.15,400.00
384281,South (135-225°),1.51,1500,0.26,309.85,1200.00,171.00,543.60,2105.26,0.19,0.15,400.00
384282,South (135-225°),13.43,1500,2.30,2755.84,1200.00,171.00,4834.80,2105.26,0.19,0.15,400.00
384283,South (135-225°),10.76,1500,1.84,2207.95,1200.00,171.00,3873.60,2105.26,0.19,0.15,400.00
384269,South (135-225°),1.51,1500,0.26,309.85,1200.00,171.00,543.60,2105.26,0.19,0.15,400.00
384270,South (135-225°),1.51,1500,0.26,309.85,1200.00,171.00,543.60,2105.26,0.19,0.15,400.00
384271,South (135-225°),13.43,1500,2.30,2755.84,1200.00,171.00,4834.80,2105.26,0.19,0.15,400.00
384272,South (135-225°),10.76,1500,1.84,2207.95,1200.00,171.00,3873.60,2105.26,0.19,0.15,400.00
384258,South (135-225°),1.51,1500,0.26,309.85,1200.00,171.00,543.60,2105.26,0.19,0.15,400.00
384259,South (135-225°),1.51,1500,0.26,309.85,1200.00,171.00,543.60,2105.26,0.19,0.15,400.00
384260,South (135-225°),13.43,1500,2.30,2755.84,1200.00,171.00,4834.80,2105.26,0.19,0.15,400.00
384261,South (135-225°),10.76,1500,1.84,2207.95,1200.00,171.00,3873.60,2105.26,0.19,0.15,400.00
384247,South (135-225°),1.51,1500,0.26,309.85,1200.00,171.00,543.60,2105.26,0.19,0.15,400.00
384248,South (135-225°),1.51,1500,0.26,309.85,1200.00,171.00,543.60,2105.26,0.19,0.15,400.00
384249,South (135-225°),13.43,1500,2.30,2755.84,1200.00,171.00,4834.80,2105.26,0.19,0.15,400.00
384250,South (135-225°),10.76,1500,1.84,2207.95,1200.00,171.00,3873.60,2105.26,0.19,0.15,400.00
375328,South (135-225°),13.43,1500,2.30,2755.84,1200.00,171.00,4834.80,2105.26,0.19,0.15,400.00
375333,South (135-225°),1.51,1500,0.26,309.85,1200.00,171.00,543.60,2105.26,0.19,0.15,400.00
375334,South (135-225°),1.51,1500,0.26,309.85,1200.00,171.00,543.60,2105.26,0.19,0.15,400.00
375337,South (135-225°),13.43,1500,2.30,2755.84,1200.00,171.00,4834.80,2105.26,0.19,0.15,400.00
375340,South (135-225°),10.76,1500,1.84,2207.95,1200.00,171.00,3873.60,2105.26,0.19,0.15,400.00
375354,South (135-225°),13.43,1500,2.30,2755.84,1200.00,171.00,4834.80,2105.26,0.19,0.15,400.00
375355,South (135-225°),1.51,1500,0.26,309.85,1200.00,171.00,543.60,2105.26,0.19,0.15,400.00
375356,South (135-225°),1.51,1500,0.26,309.85,1200.00,171.00,543.60,2105.26,0.19,0.15,400.00
375357,South (135-225°),13.43,1500,2.30,2755.84,1200.00,171.00,4834.80,2105.26,0.19,0.15,400.00
375358,South (135-225°),10.76,1500,1.84,2207.95,1200.00,171.00,3873.60,2105.26,0.19,0.15,400.00
375370,South (135-225°),13.43,1500,2.30,2755.84,1200.00,171.00,4834.80,2105.26,0.19,0.15,400.00
375371,South (135-225°),1.51,1500,0.26,309.85,1200.00,171.00,543.60,2105.26,0.19,0.15,400.00
375372,South (135-225°),1.51,1500,0.26,309.85,1200.00,171.00,543.60,2105.26,0.19,0.15,400.00
375373,South (135-225°),13.43,1500,2.30,2755.84,1200.00,171.00,4834.80,2105.26,0.19,0.15,400.00
375374,South (135-225°),10.76,1500,1.84,2207.95,1200.00,171.00,3873.60,2105.26,0.19,0.15,400.00
384673,South (135-225°),10.76,1500,1.84,2207.95,1200.00,171.00,3873.60,2105.26,0.19,0.15,400.00
384763,South (135-225°),10.76,1500,1.84,2207.95,1200.00,171.00,3873.60,2105.26,0.19,0.15,400.00
372278,West (225-315°),13.43,1500,2.30,2755.84,1200.00,171.00,4834.80,2105.26,0.19,0.15,400.00
372279,West (225-315°),13.43,1500,2.30,2755.84,1200.00,171.00,4834.80,2105.26,0.19,0.15,400.00
372280,West (225-315°),13.43,1500,2.30,2755.84,1200.00,171.00,4834.80,2105.26,0.19,0.15,400.00
372281,West (225-315°),1.51,1500,0.26,309.85,1200.00,171.00,543.60,2105.26,0.19,0.15,400.00
372282,West (225-315°),1.51,1500,0.26,309.85,1200.00,171.00,543.60,2105.26,0.19,0.15,400.00
372283,West (225-315°),1.51,1500,0.26,309.85,1200.00,171.00,543.60,2105.26,0.19,0.15,400.00
372284,West (225-315°),1.51,1500,0.26,309.85,1200.00,171.00,543.60,2105.26,0.19,0.15,400.00
372285,West (225-315°),1.51,1500,0.26,309.85,1200.00,171.00,543.60,2105.26,0.19,0.15,400.00
372286,West (225-315°),1.51,1500,0.26,309.85,1200.00,171.00,543.60,2105.26,0.19,0.15,400.00
372287,West (225-315°),13.43,1500,2.30,2755.84,1200.00,171.00,4834.80,2105.26,0.19,0.15,400.00
372288,West (225-315°),13.43,1500,2.30,2755.84,1200.00,171.00,4834.80,2105.26,0.19,0.15,400.00
372289,West (225-315°),13.43,1500,2.30,2755.84,1200.00,171.00,4834.80,2105.26,0.19,0.15,400.00
372290,West (225-315°),10.76,1500,1.84,2207.95,1200.00,171.00,3873.60,2105.26,0.19,0.15,400.00
372291,West (225-315°),10.76,1500,1.84,2207.95,1200.00,171.00,3873.60,2105.26,0.19,0.15,400.00
372292,West (225-315°),10.76,1500,1.84,2207.95,1200.00,171.00,3873.60,2105.26,0.19,0.15,400.00
371250,East (45-135°),13.43,1500,2.30,2755.84,1200.00,171.00,4834.80,2105.26,0.19,0.15,400.00
371251,East (45-135°),13.43,1500,2.30,2755.84,1200.00,171.00,4834.80,2105.26,0.19,0.15,400.00
371252,East (45-135°),13.43,1500,2.30,2755.84,1200.00,171.00,4834.80,2105.26,0.19,0.15,400.00
371253,West (225-315°),13.43,1500,2.30,2755.84,1200.00,171.00,4834.80,2105.26,0.19,0.15,400.00
371254,East (45-135°),13.43,1500,2.30,2755.84,1200.00,171.00,4834.80,2105.26,0.19,0.15,400.00
371255,East (45-135°),13.43,1500,2.30,2755.84,1200.00,171.00,4834.80,2105.26,0.19,0.15,400.00
371256,East (45-135°),13.43,1500,2.30,2755.84,1200.00,171.00,4834.80,2105.26,0.19,0.15,400.00
371274,West (225-315°),10.76,1500,1.84,2207.95,1200.00,171.00,3873.60,2105.26,0.19,0.15,400.00
371273,West (225-315°),10.76,1500,1.84,2207.95,1200.00,171.00,3873.60,2105.26,0.19,0.15,400.00
371272,West (225-315°),10.76,1500,1.84,2207.95,1200.00,171.00,3873.60,2105.26,0.19,0.15,400.00
371271,West (225-315°),10.76,1500,1.84,2207.95,1200.00,171.00,3873.60,2105.26,0.19,0.15,400.00
371270,West (225-315°),10.76,1500,1.84,2207.95,1200.00,171.00,3873.60,2105.26,0.19,0.15,400.00
371269,West (225-315°),10.76,1500,1.84,2207.95,1200.00,171.00,3873.60,2105.26,0.19,0.15,400.00
371268,West (225-315°),10.76,1500,1.84,2207.95,1200.00,171.00,3873.60,2105.26,0.19,0.15,400.00
367842,West (225-315°),13.43,1500,2.30,2755.84,1200.00,171.00,4834.80,2105.26,0.19,0.15,400.00
367843,West (225-315°),13.43,1500,2.30,2755.84,1200.00,171.00,4834.80,2105.26,0.19,0.15,400.00
367844,West (225-315°),13.43,1500,2.30,2755.84,1200.00,171.00,4834.80,2105.26,0.19,0.15,400.00
368995,West (225-315°),13.43,1500,2.30,2755.84,1200.00,171.00,4834.80,2105.26,0.19,0.15,400.00
369015,West (225-315°),1.51,1500,0.26,309.85,1200.00,171.00,543.60,2105.26,0.19,0.15,400.00
370300,West (225-315°),1.51,1500,0.26,309.85,1200.00,171.00,543.60,2105.26,0.19,0.15,400.00
371062,West (225-315°),13.43,1500,2.30,2755.84,1200.00,171.00,4834.80,2105.26,0.19,0.15,400.00
371063,West (225-315°),13.43,1500,2.30,2755.84,1200.00,171.00,4834.80,2105.26,0.19,0.15,400.00
371064,West (225-315°),13.43,1500,2.30,2755.84,1200.00,171.00,4834.80,2105.26,0.19,0.15,400.00
371165,West (225-315°),1.51,1500,0.26,309.85,1200.00,171.00,543.60,2105.26,0.19,0.15,400.00
371166,West (225-315°),1.51,1500,0.26,309.85,1200.00,171.00,543.60,2105.26,0.19,0.15,400.00
371176,West (225-315°),1.51,1500,0.26,309.85,1200.00,171.00,543.60,2105.26,0.19,0.15,400.00
371177,West (225-315°),1.51,1500,0.26,309.85,1200.00,171.00,543.60,2105.26,0.19,0.15,400.00
371187,West (225-315°),1.51,1500,0.26,309.85,1200.00,171.00,543.60,2105.26,0.19,0.15,400.00
371188,West (225-315°),1.51,1500,0.26,309.85,1200.00,171.00,543.60,2105.26,0.19,0.15,400.00
371196,West (225-315°),1.51,1500,0.26,309.85,1200.00,171.00,543.60,2105.26,0.19,0.15,400.00
371197,West (225-315°),1.51,1500,0.26,309.85,1200.00,171.00,543.60,2105.26,0.19,0.15,400.00
371205,West (225-315°),1.51,1500,0.26,309.85,1200.00,171.00,543.60,2105.26,0.19,0.15,400.00
371206,West (225-315°),1.51,1500,0.26,309.85,1200.00,171.00,543.60,2105.26,0.19,0.15,400.00
371216,West (225-315°),1.51,1500,0.26,309.85,1200.00,171.00,543.60,2105.26,0.19,0.15,400.00
371217,West (225-315°),1.51,1500,0.26,309.85,1200.00,171.00,543.60,2105.26,0.19,0.15,400.00
366884,West (225-315°),23.39,1500,4.00,4799.63,1200.00,171.00,8420.40,2105.26,0.19,0.15,400.00
350614,South (135-225°),10.68,1500,1.83,2191.54,1200.00,171.00,3844.80,2105.26,0.19,0.15,400.00
350823,South (135-225°),10.68,1500,1.83,2191.54,1200.00,171.00,3844.80,2105.26,0.19,0.15,400.00
350544,South (135-225°),10.68,1500,1.83,2191.54,1200.00,171.00,3844.80,2105.26,0.19,0.15,400.00
350665,South (135-225°),16.22,1500,2.77,3328.34,1200.00,171.00,5839.20,2105.26,0.19,0.15,400.00
350660,South (135-225°),16.22,1500,2.77,3328.34,1200.00,171.00,5839.20,2105.26,0.19,0.15,400.00
350655,South (135-225°),16.22,1500,2.77,3328.34,1200.00,171.00,5839.20,2105.26,0.19,0.15,400.00
350650,South (135-225°),16.22,1500,2.77,3328.34,1200.00,171.00,5839.20,2105.26,0.19,0.15,400.00
350645,South (135-225°),16.22,1500,2.77,3328.34,1200.00,171.00,5839.20,2105.26,0.19,0.15,400.00
350640,South (135-225°),16.22,1500,2.77,3328.34,1200.00,171.00,5839.20,2105.26,0.19,0.15,400.00
350635,South (135-225°),16.22,1500,2.77,3328.34,1200.00,171.00,5839.20,2105.26,0.19,0.15,400.00
350822,South (135-225°),10.68,1500,1.83,2191.54,1200.00,171.00,3844.80,2105.26,0.19,0.15,400.00
350824,South (135-225°),16.22,1500,2.77,3328.34,1200.00,171.00,5839.20,2105.26,0.19,0.15,400.00
350825,South (135-225°),16.22,1500,2.77,3328.34,1200.00,171.00,5839.20,2105.26,0.19,0.15,400.00
350826,South (135-225°),16.22,1500,2.77,3328.34,1200.00,171.00,5839.20,2105.26,0.19,0.15,400.00
350827,South (135-225°),16.22,1500,2.77,3328.34,1200.00,171.00,5839.20,2105.26,0.19,0.15,400.00
350828,South (135-225°),16.22,1500,2.77,3328.34,1200.00,171.00,5839.20,2105.26,0.19,0.15,400.00
350829,South (135-225°),16.22,1500,2.77,3328.34,1200.00,171.00,5839.20,2105.26,0.19,0.15,400.00
350830,South (135-225°),16.22,1500,2.77,3328.34,1200.00,171.00,5839.20,2105.26,0.19,0.15,400.00
350859,South (135-225°),10.68,1500,1.83,2191.54,1200.00,171.00,3844.80,2105.26,0.19,0.15,400.00
350860,South (135-225°),10.68,1500,1.83,2191.54,1200.00,171.00,3844.80,2105.26,0.19,0.15,400.00
350861,South (135-225°),16.22,1500,2.77,3328.34,1200.00,171.00,5839.20,2105.26,0.19,0.15,400.00
350862,South (135-225°),16.22,1500,2.77,3328.34,1200.00,171.00,5839.20,2105.26,0.19,0.15,400.00
350863,South (135-225°),16.22,1500,2.77,3328.34,1200.00,171.00,5839.20,2105.26,0.19,0.15,400.00
350864,South (135-225°),16.22,1500,2.77,3328.34,1200.00,171.00,5839.20,2105.26,0.19,0.15,400.00
350865,South (135-225°),16.22,1500,2.77,3328.34,1200.00,171.00,5839.20,2105.26,0.19,0.15,400.00
350866,South (135-225°),16.22,1500,2.77,3328.34,1200.00,171.00,5839.20,2105.26,0.19,0.15,400.00
350867,South (135-225°),16.22,1500,2.77,3328.34,1200.00,171.00,5839.20,2105.26,0.19,0.15,400.00
350868,South (135-225°),10.68,1500,1.83,2191.54,1200.00,171.00,3844.80,2105.26,0.19,0.15,400.00
350869,South (135-225°),10.68,1500,1.83,2191.54,1200.00,171.00,3844.80,2105.26,0.19,0.15,400.00
350870,South (135-225°),16.22,1500,2.77,3328.34,1200.00,171.00,5839.20,2105.26,0.19,0.15,400.00
350871,South (135-225°),16.22,1500,2.77,3328.34,1200.00,171.00,5839.20,2105.26,0.19,0.15,400.00
350872,South (135-225°),16.22,1500,2.77,3328.34,1200.00,171.00,5839.20,2105.26,0.19,0.15,400.00
350873,South (135-225°),16.22,1500,2.77,3328.34,1200.00,171.00,5839.20,2105.26,0.19,0.15,400.00
350874,South (135-225°),16.22,1500,2.77,3328.34,1200.00,171.00,5839.20,2105.26,0.19,0.15,400.00
350875,South (135-225°),16.22,1500,2.77,3328.34,1200.00,171.00,5839.20,2105.26,0.19,0.15,400.00
350876,South (135-225°),16.22,1500,2.77,3328.34,1200.00,171.00,5839.20,2105.26,0.19,0.15,400.00
350881,South (135-225°),10.68,1500,1.83,2191.54,1200.00,171.00,3844.80,2105.26,0.19,0.15,400.00
350882,South (135-225°),10.68,1500,1.83,2191.54,1200.00,171.00,3844.80,2105.26,0.19,0.15,400.00
350883,South (135-225°),16.22,1500,2.77,3328.34,1200.00,171.00,5839.20,2105.26,0.19,0.15,400.00
350884,South (135-225°),16.22,1500,2.77,3328.34,1200.00,171.00,5839.20,2105.26,0.19,0.15,400.00
350885,South (135-225°),16.22,1500,2.77,3328.34,1200.00,171.00,5839.20,2105.26,0.19,0.15,400.00
350886,South (135-225°),16.22,1500,2.77,3328.34,1200.00,171.00,5839.20,2105.26,0.19,0.15,400.00
350887,South (135-225°),16.22,1500,2.77,3328.34,1200.00,171.00,5839.20,2105.26,0.19,0.15,400.00
350888,South (135-225°),16.22,1500,2.77,3328.34,1200.00,171.00,5839.20,2105.26,0.19,0.15,400.00
350889,South (135-225°),16.22,1500,2.77,3328.34,1200.00,171.00,5839.20,2105.26,0.19,0.15,400.00
350890,South (135-225°),10.68,1500,1.83,2191.54,1200.00,171.00,3844.80,2105.26,0.19,0.15,400.00
350891,South (135-225°),10.68,1500,1.83,2191.54,1200.00,171.00,3844.80,2105.26,0.19,0.15,400.00
350892,South (135-225°),16.22,1500,2.77,3328.34,1200.00,171.00,5839.20,2105.26,0.19,0.15,400.00
350893,South (135-225°),16.22,1500,2.77,3328.34,1200.00,171.00,5839.20,2105.26,0.19,0.15,400.00
350894,South (135-225°),16.22,1500,2.77,3328.34,1200.00,171.00,5839.20,2105.26,0.19,0.15,400.00
350895,South (135-225°),16.22,1500,2.77,3328.34,1200.00,171.00,5839.20,2105.26,0.19,0.15,400.00
350896,South (135-225°),16.22,1500,2.77,3328.34,1200.00,171.00,5839.20,2105.26,0.19,0.15,400.00
350897,South (135-225°),16.22,1500,2.77,3328.34,1200.00,171.00,5839.20,2105.26,0.19,0.15,400.00
350898,South (135-225°),16.22,1500,2.77,3328.34,1200.00,171.00,5839.20,2105.26,0.19,0.15,400.00
350903,South (135-225°),10.68,1500,1.83,2191.54,1200.00,171.00,3844.80,2105.26,0.19,0.15,400.00
350904,South (135-225°),10.68,1500,1.83,2191.54,1200.00,171.00,3844.80,2105.26,0.19,0.15,400.00
350905,South (135-225°),16.22,1500,2.77,3328.34,1200.00,171.00,5839.20,2105.26,0.19,0.15,400.00
350906,South (135-225°),16.22,1500,2.77,3328.34,1200.00,171.00,5839.20,2105.26,0.19,0.15,400.00
350907,South (135-225°),16.22,1500,2.77,3328.34,1200.00,171.00,5839.20,2105.26,0.19,0.15,400.00
350908,South (135-225°),16.22,1500,2.77,3328.34,1200.00,171.00,5839.20,2105.26,0.19,0.15,400.00
350909,South (135-225°),16.22,1500,2.77,3328.34,1200.00,171.00,5839.20,2105.26,0.19,0.15,400.00
350910,South (135-225°),16.22,1500,2.77,3328.34,1200.00,171.00,5839.20,2105.26,0.19,0.15,400.00
350911,South (135-225°),16.22,1500,2.77,3328.34,1200.00,171.00,5839.20,2105.26,0.19,0.15,400.00
350912,South (135-225°),10.68,1500,1.83,2191.54,1200.00,171.00,3844.80,2105.26,0.19,0.15,400.00
350913,South (135-225°),10.68,1500,1.83,2191.54,1200.00,171.00,3844.80,2105.26,0.19,0.15,400.00
350914,South (135-225°),16.22,1500,2.77,3328.34,1200.00,171.00,5839.20,2105.26,0.19,0.15,400.00
350915,South (135-225°),16.22,1500,2.77,3328.34,1200.00,171.00,5839.20,2105.26,0.19,0.15,400.00
350916,South (135-225°),16.22,1500,2.77,3328.34,1200.00,171.00,5839.20,2105.26,0.19,0.15,400.00
350917,South (135-225°),16.22,1500,2.77,3328.34,1200.00,171.00,5839.20,2105.26,0.19,0.15,400.00
350918,South (135-225°),16.22,1500,2.77,3328.34,1200.00,171.00,5839.20,2105.26,0.19,0.15,400.00
350919,South (135-225°),16.22,1500,2.77,3328.34,1200.00,171.00,5839.20,2105.26,0.19,0.15,400.00
350920,South (135-225°),16.22,1500,2.77,3328.34,1200.00,171.00,5839.20,2105.26,0.19,0.15,400.00
355915,South (135-225°),44.04,1500,7.53,9037.01,1200.00,171.00,15854.40,2105.26,0.19,0.15,400.00
355916,South (135-225°),44.04,1500,7.53,9037.01,1200.00,171.00,15854.40,2105.26,0.19,0.15,400.00
355917,South (135-225°),44.04,1500,7.53,9037.01,1200.00,171.00,15854.40,2105.26,0.19,0.15,400.00
355921,South (135-225°),44.04,1500,7.53,9037.01,1200.00,171.00,15854.40,2105.26,0.19,0.15,400.00
355922,South (135-225°),44.04,1500,7.53,9037.01,1200.00,171.00,15854.40,2105.26,0.19,0.15,400.00
355923,South (135-225°),44.04,1500,7.53,9037.01,1200.00,171.00,15854.40,2105.26,0.19,0.15,400.00
355927,South (135-225°),44.04,1500,7.53,9037.01,1200.00,171.00,15854.40,2105.26,0.19,0.15,400.00
355928,South (135-225°),44.04,1500,7.53,9037.01,1200.00,171.00,15854.40,2105.26,0.19,0.15,400.00
355929,South (135-225°),44.04,1500,7.53,9037.01,1200.00,171.00,15854.40,2105.26,0.19,0.15,400.00
383893,South (135-225°),10.68,1500,1.83,2191.54,1200.00,171.00,3844.80,2105.26,0.19,0.15,400.00
383894,South (135-225°),10.68,1500,1.83,2191.54,1200.00,171.00,3844.80,2105.26,0.19,0.15,400.00
383895,South (135-225°),16.22,1500,2.77,3328.34,1200.00,171.00,5839.20,2105.26,0.19,0.15,400.00
383896,South (135-225°),16.22,1500,2.77,3328.34,1200.00,171.00,5839.20,2105.26,0.19,0.15,400.00
383897,South (135-225°),16.22,1500,2.77,3328.34,1200.00,171.00,5839.20,2105.26,0.19,0.15,400.00
383898,South (135-225°),16.22,1500,2.77,3328.34,1200.00,171.00,5839.20,2105.26,0.19,0.15,400.00
383899,South (135-225°),16.22,1500,2.77,3328.34,1200.00,171.00,5839.20,2105.26,0.19,0.15,400.00
383900,South (135-225°),16.22,1500,2.77,3328.34,1200.00,171.00,5839.20,2105.26,0.19,0.15,400.00
383901,South (135-225°),16.22,1500,2.77,3328.34,1200.00,171.00,5839.20,2105.26,0.19,0.15,400.00
383684,South (135-225°),10.68,1500,1.83,2191.54,1200.00,171.00,3844.80,2105.26,0.19,0.15,400.00
383685,South (135-225°),10.68,1500,1.83,2191.54,1200.00,171.00,3844.80,2105.26,0.19,0.15,400.00
383686,South (135-225°),16.22,1500,2.77,3328.34,1200.00,171.00,5839.20,2105.26,0.19,0.15,400.00
383687,South (135-225°),16.22,1500,2.77,3328.34,1200.00,171.00,5839.20,2105.26,0.19,0.15,400.00
383688,South (135-225°),16.22,1500,2.77,3328.34,1200.00,171.00,5839.20,2105.26,0.19,0.15,400.00
383689,South (135-225°),16.22,1500,2.77,3328.34,1200.00,171.00,5839.20,2105.26,0.19,0.15,400.00
383690,South (135-225°),16.22,1500,2.77,3328.34,1200.00,171.00,5839.20,2105.26,0.19,0.15,400.00
383691,South (135-225°),16.22,1500,2.77,3328.34,1200.00,171.00,5839.20,2105.26,0.19,0.15,400.00
383692,South (135-225°),16.22,1500,2.77,3328.34,1200.00,171.00,5839.20,2105.26,0.19,0.15,400.00
383779,South (135-225°),10.68,1500,1.83,2191.54,1200.00,171.00,3844.80,2105.26,0.19,0.15,400.00
383780,South (135-225°),10.68,1500,1.83,2191.54,1200.00,171.00,3844.80,2105.26,0.19,0.15,400.00
383781,South (135-225°),16.22,1500,2.77,3328.34,1200.00,171.00,5839.20,2105.26,0.19,0.15,400.00
383782,South (135-225°),16.22,1500,2.77,3328.34,1200.00,171.00,5839.20,2105.26,0.19,0.15,400.00
383783,South (135-225°),16.22,1500,2.77,3328.34,1200.00,171.00,5839.20,2105.26,0.19,0.15,400.00
383784,South (135-225°),16.22,1500,2.77,3328.34,1200.00,171.00,5839.20,2105.26,0.19,0.15,400.00
383785,South (135-225°),16.22,1500,2.77,3328.34,1200.00,171.00,5839.20,2105.26,0.19,0.15,400.00
383786,South (135-225°),16.22,1500,2.77,3328.34,1200.00,171.00,5839.20,2105.26,0.19,0.15,400.00
383787,South (135-225°),16.22,1500,2.77,3328.34,1200.00,171.00,5839.20,2105.26,0.19,0.15,400.00
383797,South (135-225°),10.68,1500,1.83,2191.54,1200.00,171.00,3844.80,2105.26,0.19,0.15,400.00
383798,South (135-225°),10.68,1500,1.83,2191.54,1200.00,171.00,3844.80,2105.26,0.19,0.15,400.00
383799,South (135-225°),16.22,1500,2.77,3328.34,1200.00,171.00,5839.20,2105.26,0.19,0.15,400.00
383800,South (135-225°),16.22,1500,2.77,3328.34,1200.00,171.00,5839.20,2105.26,0.19,0.15,400.00
383801,South (135-225°),16.22,1500,2.77,3328.34,1200.00,171.00,5839.20,2105.26,0.19,0.15,400.00
383802,South (135-225°),16.22,1500,2.77,3328.34,1200.00,171.00,5839.20,2105.26,0.19,0.15,400.00
383803,South (135-225°),16.22,1500,2.77,3328.34,1200.00,171.00,5839.20,2105.26,0.19,0.15,400.00
383804,South (135-225°),16.22,1500,2.77,3328.34,1200.00,171.00,5839.20,2105.26,0.19,0.15,400.00
383805,South (135-225°),16.22,1500,2.77,3328.34,1200.00,171.00,5839.20,2105.26,0.19,0.15,400.00
383875,South (135-225°),10.68,1500,1.83,2191.54,1200.00,171.00,3844.80,2105.26,0.19,0.15,400.00
383876,South (135-225°),10.68,1500,1.83,2191.54,1200.00,171.00,3844.80,2105.26,0.19,0.15,400.00
383877,South (135-225°),16.22,1500,2.77,3328.34,1200.00,171.00,5839.20,2105.26,0.19,0.15,400.00
383878,South (135-225°),16.22,1500,2.77,3328.34,1200.00,171.00,5839.20,2105.26,0.19,0.15,400.00
383879,South (135-225°),16.22,1500,2.77,3328.34,1200.00,171.00,5839.20,2105.26,0.19,0.15,400.00
383880,South (135-225°),16.22,1500,2.77,3328.34,1200.00,171.00,5839.20,2105.26,0.19,0.15,400.00
383881,South (135-225°),16.22,1500,2.77,3328.34,1200.00,171.00,5839.20,2105.26,0.19,0.15,400.00
383882,South (135-225°),16.22,1500,2.77,3328.34,1200.00,171.00,5839.20,2105.26,0.19,0.15,400.00
383883,South (135-225°),16.22,1500,2.77,3328.34,1200.00,171.00,5839.20,2105.26,0.19,0.15,400.00
383884,South (135-225°),10.68,1500,1.83,2191.54,1200.00,171.00,3844.80,2105.26,0.19,0.15,400.00
383885,South (135-225°),10.68,1500,1.83,2191.54,1200.00,171.00,3844.80,2105.26,0.19,0.15,400.00
383886,South (135-225°),16.22,1500,2.77,3328.34,1200.00,171.00,5839.20,2105.26,0.19,0.15,400.00
383887,South (135-225°),16.22,1500,2.77,3328.34,1200.00,171.00,5839.20,2105.26,0.19,0.15,400.00
383888,South (135-225°),16.22,1500,2.77,3328.34,1200.00,171.00,5839.20,2105.26,0.19,0.15,400.00
383889,South (135-225°),16.22,1500,2.77,3328.34,1200.00,171.00,5839.20,2105.26,0.19,0.15,400.00
383890,South (135-225°),16.22,1500,2.77,3328.34,1200.00,171.00,5839.20,2105.26,0.19,0.15,400.00
383891,South (135-225°),16.22,1500,2.77,3328.34,1200.00,171.00,5839.20,2105.26,0.19,0.15,400.00
383892,South (135-225°),16.22,1500,2.77,3328.34,1200.00,171.00,5839.20,2105.26,0.19,0.15,400.00
383539,East (45-135°),13.43,1500,2.30,2755.84,1200.00,171.00,4834.80,2105.26,0.19,0.15,400.00
383540,West (225-315°),1.51,1500,0.26,309.85,1200.00,171.00,543.60,2105.26,0.19,0.15,400.00
383541,West (225-315°),1.51,1500,0.26,309.85,1200.00,171.00,543.60,2105.26,0.19,0.15,400.00
383542,East (45-135°),13.43,1500,2.30,2755.84,1200.00,171.00,4834.80,2105.26,0.19,0.15,400.00
383543,East (45-135°),10.76,1500,1.84,2207.95,1200.00,171.00,3873.60,2105.26,0.19,0.15,400.00
383544,East (45-135°),13.43,1500,2.30,2755.84,1200.00,171.00,4834.80,2105.26,0.19,0.15,400.00
383545,West (225-315°),1.51,1500,0.26,309.85,1200.00,171.00,543.60,2105.26,0.19,0.15,400.00
383546,West (225-315°),1.51,1500,0.26,309.85,1200.00,171.00,543.60,2105.26,0.19,0.15,400.00
383547,East (45-135°),13.43,1500,2.30,2755.84,1200.00,171.00,4834.80,2105.26,0.19,0.15,400.00
383548,East (45-135°),10.76,1500,1.84,2207.95,1200.00,171.00,3873.60,2105.26,0.19,0.15,400.00
383549,East (45-135°),13.43,1500,2.30,2755.84,1200.00,171.00,4834.80,2105.26,0.19,0.15,400.00
383550,West (225-315°),1.51,1500,0.26,309.85,1200.00,171.00,543.60,2105.26,0.19,0.15,400.00
383551,West (225-315°),1.51,1500,0.26,309.85,1200.00,171.00,543.60,2105.26,0.19,0.15,400.00
383552,East (45-135°),13.43,1500,2.30,2755.84,1200.00,171.00,4834.80,2105.26,0.19,0.15,400.00
383553,East (45-135°),10.76,1500,1.84,2207.95,1200.00,171.00,3873.60,2105.26,0.19,0.15,400.00
383554,East (45-135°),13.43,1500,2.30,2755.84,1200.00,171.00,4834.80,2105.26,0.19,0.15,400.00
383555,West (225-315°),1.51,1500,0.26,309.85,1200.00,171.00,543.60,2105.26,0.19,0.15,400.00
383556,West (225-315°),1.51,1500,0.26,309.85,1200.00,171.00,543.60,2105.26,0.19,0.15,400.00
383557,East (45-135°),13.43,1500,2.30,2755.84,1200.00,171.00,4834.80,2105.26,0.19,0.15,400.00
383558,East (45-135°),10.76,1500,1.84,2207.95,1200.00,171.00,3873.60,2105.26,0.19,0.15,400.00
383559,East (45-135°),13.43,1500,2.30,2755.84,1200.00,171.00,4834.80,2105.26,0.19,0.15,400.00
383560,West (225-315°),1.51,1500,0.26,309.85,1200.00,171.00,543.60,2105.26,0.19,0.15,400.00
383561,West (225-315°),1.51,1500,0.26,309.85,1200.00,171.00,543.60,2105.26,0.19,0.15,400.00
383562,East (45-135°),13.43,1500,2.30,2755.84,1200.00,171.00,4834.80,2105.26,0.19,0.15,400.00
383563,East (45-135°),10.76,1500,1.84,2207.95,1200.00,171.00,3873.60,2105.26,0.19,0.15,400.00
395191,South (135-225°),1.51,1500,0.26,309.85,1200.00,171.00,543.60,2105.26,0.19,0.15,400.00
395192,South (135-225°),1.51,1500,0.26,309.85,1200.00,171.00,543.60,2105.26,0.19,0.15,400.00
395196,South (135-225°),1.51,1500,0.26,309.85,1200.00,171.00,543.60,2105.26,0.19,0.15,400.00
395197,South (135-225°),1.51,1500,0.26,309.85,1200.00,171.00,543.60,2105.26,0.19,0.15,400.00
395201,South (135-225°),1.51,1500,0.26,309.85,1200.00,171.00,543.60,2105.26,0.19,0.15,400.00
395202,South (135-225°),1.51,1500,0.26,309.85,1200.00,171.00,543.60,2105.26,0.19,0.15,400.00
395206,South (135-225°),1.51,1500,0.26,309.85,1200.00,171.00,543.60,2105.26,0.19,0.15,400.00
395207,South (135-225°),1.51,1500,0.26,309.85,1200.00,171.00,543.60,2105.26,0.19,0.15,400.00
395211,South (135-225°),1.51,1500,0.26,309.85,1200.00,171.00,543.60,2105.26,0.19,0.15,400.00
395212,South (135-225°),1.51,1500,0.26,309.85,1200.00,171.00,543.60,2105.26,0.19,0.15,400.00
395262,South (135-225°),1.51,1500,0.26,309.85,1200.00,171.00,543.60,2105.26,0.19,0.15,400.00
395263,South (135-225°),1.51,1500,0.26,309.85,1200.00,171.00,543.60,2105.26,0.19,0.15,400.00
395267,South (135-225°),1.51,1500,0.26,309.85,1200.00,171.00,543.60,2105.26,0.19,0.15,400.00
395268,South (135-225°),1.51,1500,0.26,309.85,1200.00,171.00,543.60,2105.26,0.19,0.15,400.00
395272,South (135-225°),1.51,1500,0.26,309.85,1200.00,171.00,543.60,2105.26,0.19,0.15,400.00
395273,South (135-225°),1.51,1500,0.26,309.85,1200.00,171.00,543.60,2105.26,0.19,0.15,400.00
395277,South (135-225°),1.51,1500,0.26,309.85,1200.00,171.00,543.60,2105.26,0.19,0.15,400.00
395278,South (135-225°),1.51,1500,0.26,309.85,1200.00,171.00,543.60,2105.26,0.19,0.15,400.00
395282,South (135-225°),1.51,1500,0.26,309.85,1200.00,171.00,543.60,2105.26,0.19,0.15,400.00
395283,South (135-225°),1.51,1500,0.26,309.85,1200.00,171.00,543.60,2105.26,0.19,0.15,400.00
395346,South (135-225°),1.51,1500,0.26,309.85,1200.00,171.00,543.60,2105.26,0.19,0.15,400.00
395347,South (135-225°),1.51,1500,0.26,309.85,1200.00,171.00,543.60,2105.26,0.19,0.15,400.00
395348,South (135-225°),1.51,1500,0.26,309.85,1200.00,171.00,543.60,2105.26,0.19,0.15,400.00
395349,South (135-225°),1.51,1500,0.26,309.85,1200.00,171.00,543.60,2105.26,0.19,0.15,400.00
395350,South (135-225°),1.51,1500,0.26,309.85,1200.00,171.00,543.60,2105.26,0.19,0.15,400.00
395351,South (135-225°),1.51,1500,0.26,309.85,1200.00,171.00,543.60,2105.26,0.19,0.15,400.00
395352,South (135-225°),1.51,1500,0.26,309.85,1200.00,171.00,543.60,2105.26,0.19,0.15,400.00
395353,South (135-225°),1.51,1500,0.26,309.85,1200.00,171.00,543.60,2105.26,0.19,0.15,400.00
395354,South (135-225°),1.51,1500,0.26,309.85,1200.00,171.00,543.60,2105.26,0.19,0.15,400.00
395355,South (135-225°),1.51,1500,0.26,309.85,1200.00,171.00,543.60,2105.26,0.19,0.15,400.00
395452,South (135-225°),1.51,1500,0.26,309.85,1200.00,171.00,543.60,2105.26,0.19,0.15,400.00
395453,South (135-225°),1.51,1500,0.26,309.85,1200.00,171.00,543.60,2105.26,0.19,0.15,400.00
395454,South (135-225°),1.51,1500,0.26,309.85,1200.00,171.00,543.60,2105.26,0.19,0.15,400.00
395508,South (135-225°),1.51,1500,0.26,309.85,1200.00,171.00,543.60,2105.26,0.19,0.15,400.00
383604,West (225-315°),13.43,1500,2.30,2755.84,1200.00,171.00,4834.80,2105.26,0.19,0.15,400.00
383605,East (45-135°),1.51,1500,0.26,309.85,1200.00,171.00,543.60,2105.26,0.19,0.15,400.00
383606,East (45-135°),1.51,1500,0.26,309.85,1200.00,171.00,543.60,2105.26,0.19,0.15,400.00
383607,West (225-315°),13.43,1500,2.30,2755.84,1200.00,171.00,4834.80,2105.26,0.19,0.15,400.00
383608,West (225-315°),10.76,1500,1.84,2207.95,1200.00,171.00,3873.60,2105.26,0.19,0.15,400.00
383609,West (225-315°),13.43,1500,2.30,2755.84,1200.00,171.00,4834.80,2105.26,0.19,0.15,400.00
383610,East (45-135°),1.51,1500,0.26,309.85,1200.00,171.00,543.60,2105.26,0.19,0.15,400.00
383611,East (45-135°),1.51,1500,0.26,309.85,1200.00,171.00,543.60,2105.26,0.19,0.15,400.00
383612,West (225-315°),13.43,1500,2.30,2755.84,1200.00,171.00,4834.80,2105.26,0.19,0.15,400.00
383613,West (225-315°),10.76,1500,1.84,2207.95,1200.00,171.00,3873.60,2105.26,0.19,0.15,400.00
383614,West (225-315°),13.43,1500,2.30,2755.84,1200.00,171.00,4834.80,2105.26,0.19,0.15,400.00
383615,East (45-135°),1.51,1500,0.26,309.85,1200.00,171.00,543.60,2105.26,0.19,0.15,400.00
383616,East (45-135°),1.51,1500,0.26,309.85,1200.00,171.00,543.60,2105.26,0.19,0.15,400.00
383617,West (225-315°),13.43,1500,2.30,2755.84,1200.00,171.00,4834.80,2105.26,0.19,0.15,400.00
383618,West (225-315°),10.76,1500,1.84,2207.95,1200.00,171.00,3873.60,2105.26,0.19,0.15,400.00
383619,West (225-315°),13.43,1500,2.30,2755.84,1200.00,171.00,4834.80,2105.26,0.19,0.15,400.00
383620,East (45-135°),1.51,1500,0.26,309.85,1200.00,171.00,543.60,2105.26,0.19,0.15,400.00
383621,East (45-135°),1.51,1500,0.26,309.85,1200.00,171.00,543.60,2105.26,0.19,0.15,400.00
383622,West (225-315°),13.43,1500,2.30,2755.84,1200.00,171.00,4834.80,2105.26,0.19,0.15,400.00
383623,West (225-315°),10.76,1500,1.84,2207.95,1200.00,171.00,3873.60,2105.26,0.19,0.15,400.00
383624,West (225-315°),13.43,1500,2.30,2755.84,1200.00,171.00,4834.80,2105.26,0.19,0.15,400.00
383625,East (45-135°),1.51,1500,0.26,309.85,1200.00,171.00,543.60,2105.26,0.19,0.15,400.00
383626,East (45-135°),1.51,1500,0.26,309.85,1200.00,171.00,543.60,2105.26,0.19,0.15,400.00
383627,West (225-315°),13.43,1500,2.30,2755.84,1200.00,171.00,4834.80,2105.26,0.19,0.15,400.00
383628,West (225-315°),10.76,1500,1.84,2207.95,1200.00,171.00,3873.60,2105.26,0.19,0.15,400.00
378216,West (225-315°),13.43,1500,2.30,2755.84,1200.00,171.00,4834.80,2105.26,0.19,0.15,400.00
378217,East (45-135°),1.51,1500,0.26,309.85,1200.00,171.00,543.60,2105.26,0.19,0.15,400.00
378218,East (45-135°),1.51,1500,0.26,309.85,1200.00,171.00,543.60,2105.26,0.19,0.15,400.00
378219,West (225-315°),13.43,1500,2.30,2755.84,1200.00,171.00,4834.80,2105.26,0.19,0.15,400.00
378220,West (225-315°),10.76,1500,1.84,2207.95,1200.00,171.00,3873.60,2105.26,0.19,0.15,400.00
378221,West (225-315°),13.43,1500,2.30,2755.84,1200.00,171.00,4834.80,2105.26,0.19,0.15,400.00
378222,East (45-135°),1.51,1500,0.26,309.85,1200.00,171.00,543.60,2105.26,0.19,0.15,400.00
378223,East (45-135°),1.51,1500,0.26,309.85,1200.00,171.00,543.60,2105.26,0.19,0.15,400.00
378224,West (225-315°),13.43,1500,2.30,2755.84,1200.00,171.00,4834.80,2105.26,0.19,0.15,400.00
378225,West (225-315°),10.76,1500,1.84,2207.95,1200.00,171.00,3873.60,2105.26,0.19,0.15,400.00
378226,West (225-315°),13.43,1500,2.30,2755.84,1200.00,171.00,4834.80,2105.26,0.19,0.15,400.00
378227,East (45-135°),1.51,1500,0.26,309.85,1200.00,171.00,543.60,2105.26,0.19,0.15,400.00
378228,East (45-135°),1.51,1500,0.26,309.85,1200.00,171.00,543.60,2105.26,0.19,0.15,400.00
378229,West (225-315°),13.43,1500,2.30,2755.84,1200.00,171.00,4834.80,2105.26,0.19,0.15,400.00
378230,West (225-315°),10.76,1500,1.84,2207.95,1200.00,171.00,3873.60,2105.26,0.19,0.15,400.00
378231,West (225-315°),13.43,1500,2.30,2755.84,1200.00,171.00,4834.80,2105.26,0.19,0.15,400.00
378232,East (45-135°),1.51,1500,0.26,309.85,1200.00,171.00,543.60,2105.26,0.19,0.15,400.00
378233,East (45-135°),1.51,1500,0.26,309.85,1200.00,171.00,543.60,2105.26,0.19,0.15,400.00
378234,West (225-315°),13.43,1500,2.30,2755.84,1200.00,171.00,4834.80,2105.26,0.19,0.15,400.00
378235,West (225-315°),10.76,1500,1.84,2207.95,1200.00,171.00,3873.60,2105.26,0.19,0.15,400.00
378236,West (225-315°),13.43,1500,2.30,2755.84,1200.00,171.00,4834.80,2105.26,0.19,0.15,400.00
378237,East (45-135°),1.51,1500,0.26,309.85,1200.00,171.00,543.60,2105.26,0.19,0.15,400.00
378238,East (45-135°),1.51,1500,0.26,309.85,1200.00,171.00,543.60,2105.26,0.19,0.15,400.00
378239,West (225-315°),13.43,1500,2.30,2755.84,1200.00,171.00,4834.80,2105.26,0.19,0.15,400.00
378240,West (225-315°),10.76,1500,1.84,2207.95,1200.00,171.00,3873.60,2105.26,0.19,0.15,400.00
377821,South (135-225°),13.43,1500,2.30,2755.84,1200.00,171.00,4834.80,2105.26,0.19,0.15,400.00
377824,South (135-225°),13.43,1500,2.30,2755.84,1200.00,171.00,4834.80,2105.26,0.19,0.15,400.00
377825,South (135-225°),10.76,1500,1.84,2207.95,1200.00,171.00,3873.60,2105.26,0.19,0.15,400.00
377826,South (135-225°),13.43,1500,2.30,2755.84,1200.00,171.00,4834.80,2105.26,0.19,0.15,400.00
377829,South (135-225°),13.43,1500,2.30,2755.84,1200.00,171.00,4834.80,2105.26,0.19,0.15,400.00
377830,South (135-225°),10.76,1500,1.84,2207.95,1200.00,171.00,3873.60,2105.26,0.19,0.15,400.00
377831,South (135-225°),13.43,1500,2.30,2755.84,1200.00,171.00,4834.80,2105.26,0.19,0.15,400.00
377834,South (135-225°),13.43,1500,2.30,2755.84,1200.00,171.00,4834.80,2105.26,0.19,0.15,400.00
377835,South (135-225°),10.76,1500,1.84,2207.95,1200.00,171.00,3873.60,2105.26,0.19,0.15,400.00
377836,South (135-225°),13.43,1500,2.30,2755.84,1200.00,171.00,4834.80,2105.26,0.19,0.15,400.00
377839,South (135-225°),13.43,1500,2.30,2755.84,1200.00,171.00,4834.80,2105.26,0.19,0.15,400.00
377840,South (135-225°),10.76,1500,1.84,2207.95,1200.00,171.00,3873.60,2105.26,0.19,0.15,400.00
377841,South (135-225°),13.43,1500,2.30,2755.84,1200.00,171.00,4834.80,2105.26,0.19,0.15,400.00
377844,South (135-225°),13.43,1500,2.30,2755.84,1200.00,171.00,4834.80,2105.26,0.19,0.15,400.00
377845,South (135-225°),10.76,1500,1.84,2207.95,1200.00,171.00,3873.60,2105.26,0.19,0.15,400.00
378311,East (45-135°),13.43,1500,2.30,2755.84,1200.00,171.00,4834.80,2105.26,0.19,0.15,400.00
378312,West (225-315°),1.51,1500,0.26,309.85,1200.00,171.00,543.60,2105.26,0.19,0.15,400.00
378313,West (225-315°),1.51,1500,0.26,309.85,1200.00,171.00,543.60,2105.26,0.19,0.15,400.00
378314,East (45-135°),13.43,1500,2.30,2755.84,1200.00,171.00,4834.80,2105.26,0.19,0.15,400.00
378315,East (45-135°),10.76,1500,1.84,2207.95,1200.00,171.00,3873.60,2105.26,0.19,0.15,400.00
378316,East (45-135°),13.43,1500,2.30,2755.84,1200.00,171.00,4834.80,2105.26,0.19,0.15,400.00
378317,West (225-315°),1.51,1500,0.26,309.85,1200.00,171.00,543.60,2105.26,0.19,0.15,400.00
378318,West (225-315°),1.51,1500,0.26,309.85,1200.00,171.00,543.60,2105.26,0.19,0.15,400.00
378319,East (45-135°),13.43,1500,2.30,2755.84,1200.00,171.00,4834.80,2105.26,0.19,0.15,400.00
378320,East (45-135°),10.76,1500,1.84,2207.95,1200.00,171.00,3873.60,2105.26,0.19,0.15,400.00
378321,East (45-135°),13.43,1500,2.30,2755.84,1200.00,171.00,4834.80,2105.26,0.19,0.15,400.00
378322,West (225-315°),1.51,1500,0.26,309.85,1200.00,171.00,543.60,2105.26,0.19,0.15,400.00
378323,West (225-315°),1.51,1500,0.26,309.85,1200.00,171.00,543.60,2105.26,0.19,0.15,400.00
378324,East (45-135°),13.43,1500,2.30,2755.84,1200.00,171.00,4834.80,2105.26,0.19,0.15,400.00
378325,East (45-135°),10.76,1500,1.84,2207.95,1200.00,171.00,3873.60,2105.26,0.19,0.15,400.00
378326,East (45-135°),13.43,1500,2.30,2755.84,1200.00,171.00,4834.80,2105.26,0.19,0.15,400.00
378327,West (225-315°),1.51,1500,0.26,309.85,1200.00,171.00,543.60,2105.26,0.19,0.15,400.00
378328,West (225-315°),1.51,1500,0.26,309.85,1200.00,171.00,543.60,2105.26,0.19,0.15,400.00
378329,East (45-135°),13.43,1500,2.30,2755.84,1200.00,171.00,4834.80,2105.26,0.19,0.15,400.00
378330,East (45-135°),10.76,1500,1.84,2207.95,1200.00,171.00,3873.60,2105.26,0.19,0.15,400.00
378331,East (45-135°),13.43,1500,2.30,2755.84,1200.00,171.00,4834.80,2105.26,0.19,0.15,400.00
378332,West (225-315°),1.51,1500,0.26,309.85,1200.00,171.00,543.60,2105.26,0.19,0.15,400.00
378333,West (225-315°),1.51,1500,0.26,309.85,1200.00,171.00,543.60,2105.26,0.19,0.15,400.00
378334,East (45-135°),13.43,1500,2.30,2755.84,1200.00,171.00,4834.80,2105.26,0.19,0.15,400.00
378335,East (45-135°),10.76,1500,1.84,2207.95,1200.00,171.00,3873.60,2105.26,0.19,0.15,400.00
378098,South (135-225°),1.51,1500,0.26,309.85,1200.00,171.00,543.60,2105.26,0.19,0.15,400.00
378099,South (135-225°),1.51,1500,0.26,309.85,1200.00,171.00,543.60,2105.26,0.19,0.15,400.00
378103,South (135-225°),1.51,1500,0.26,309.85,1200.00,171.00,543.60,2105.26,0.19,0.15,400.00
378104,South (135-225°),1.51,1500,0.26,309.85,1200.00,171.00,543.60,2105.26,0.19,0.15,400.00
378108,South (135-225°),1.51,1500,0.26,309.85,1200.00,171.00,543.60,2105.26,0.19,0.15,400.00
378109,South (135-225°),1.51,1500,0.26,309.85,1200.00,171.00,543.60,2105.26,0.19,0.15,400.00
378113,South (135-225°),1.51,1500,0.26,309.85,1200.00,171.00,543.60,2105.26,0.19,0.15,400.00
378114,South (135-225°),1.51,1500,0.26,309.85,1200.00,171.00,543.60,2105.26,0.19,0.15,400.00
378118,South (135-225°),1.51,1500,0.26,309.85,1200.00,171.00,543.60,2105.26,0.19,0.15,400.00
378119,South (135-225°),1.51,1500,0.26,309.85,1200.00,171.00,543.60,2105.26,0.19,0.15,400.00
377492,South (135-225°),13.43,1500,2.30,2755.84,1200.00,171.00,4834.80,2105.26,0.19,0.15,400.00
377495,South (135-225°),13.43,1500,2.30,2755.84,1200.00,171.00,4834.80,2105.26,0.19,0.15,400.00
377496,South (135-225°),10.76,1500,1.84,2207.95,1200.00,171.00,3873.60,2105.26,0.19,0.15,400.00
377706,South (135-225°),13.43,1500,2.30,2755.84,1200.00,171.00,4834.80,2105.26,0.19,0.15,400.00
377709,South (135-225°),13.43,1500,2.30,2755.84,1200.00,171.00,4834.80,2105.26,0.19,0.15,400.00
377710,South (135-225°),10.76,1500,1.84,2207.95,1200.00,171.00,3873.60,2105.26,0.19,0.15,400.00
377749,South (135-225°),13.43,1500,2.30,2755.84,1200.00,171.00,4834.80,2105.26,0.19,0.15,400.00
377752,South (135-225°),13.43,1500,2.30,2755.84,1200.00,171.00,4834.80,2105.26,0.19,0.15,400.00
377753,South (135-225°),10.76,1500,1.84,2207.95,1200.00,171.00,3873.60,2105.26,0.19,0.15,400.00
377754,South (135-225°),13.43,1500,2.30,2755.84,1200.00,171.00,4834.80,2105.26,0.19,0.15,400.00
377757,South (135-225°),13.43,1500,2.30,2755.84,1200.00,171.00,4834.80,2105.26,0.19,0.15,400.00
377758,South (135-225°),10.76,1500,1.84,2207.95,1200.00,171.00,3873.60,2105.26,0.19,0.15,400.00
377773,South (135-225°),13.43,1500,2.30,2755.84,1200.00,171.00,4834.80,2105.26,0.19,0.15,400.00
377776,South (135-225°),13.43,1500,2.30,2755.84,1200.00,171.00,4834.80,2105.26,0.19,0.15,400.00
377777,South (135-225°),10.76,1500,1.84,2207.95,1200.00,171.00,3873.60,2105.26,0.19,0.15,400.00
378507,East (45-135°),13.43,1500,2.30,2755.84,1200.00,171.00,4834.80,2105.26,0.19,0.15,400.00
378508,West (225-315°),1.51,1500,0.26,309.85,1200.00,171.00,543.60,2105.26,0.19,0.15,400.00
378509,West (225-315°),1.51,1500,0.26,309.85,1200.00,171.00,543.60,2105.26,0.19,0.15,400.00
378510,East (45-135°),13.43,1500,2.30,2755.84,1200.00,171.00,4834.80,2105.26,0.19,0.15,400.00
378511,East (45-135°),10.76,1500,1.84,2207.95,1200.00,171.00,3873.60,2105.26,0.19,0.15,400.00
378512,East (45-135°),13.43,1500,2.30,2755.84,1200.00,171.00,4834.80,2105.26,0.19,0.15,400.00
378513,West (225-315°),1.51,1500,0.26,309.85,1200.00,171.00,543.60,2105.26,0.19,0.15,400.00
378514,West (225-315°),1.51,1500,0.26,309.85,1200.00,171.00,543.60,2105.26,0.19,0.15,400.00
378515,East (45-135°),13.43,1500,2.30,2755.84,1200.00,171.00,4834.80,2105.26,0.19,0.15,400.00
378516,East (45-135°),10.76,1500,1.84,2207.95,1200.00,171.00,3873.60,2105.26,0.19,0.15,400.00
378517,East (45-135°),13.43,1500,2.30,2755.84,1200.00,171.00,4834.80,2105.26,0.19,0.15,400.00
378518,West (225-315°),1.51,1500,0.26,309.85,1200.00,171.00,543.60,2105.26,0.19,0.15,400.00
378519,West (225-315°),1.51,1500,0.26,309.85,1200.00,171.00,543.60,2105.26,0.19,0.15,400.00
378520,East (45-135°),13.43,1500,2.30,2755.84,1200.00,171.00,4834.80,2105.26,0.19,0.15,400.00
378521,East (45-135°),10.76,1500,1.84,2207.95,1200.00,171.00,3873.60,2105.26,0.19,0.15,400.00
378522,East (45-135°),13.43,1500,2.30,2755.84,1200.00,171.00,4834.80,2105.26,0.19,0.15,400.00
378523,West (225-315°),1.51,1500,0.26,309.85,1200.00,171.00,543.60,2105.26,0.19,0.15,400.00
378524,West (225-315°),1.51,1500,0.26,309.85,1200.00,171.00,543.60,2105.26,0.19,0.15,400.00
378525,East (45-135°),13.43,1500,2.30,2755.84,1200.00,171.00,4834.80,2105.26,0.19,0.15,400.00
378526,East (45-135°),10.76,1500,1.84,2207.95,1200.00,171.00,3873.60,2105.26,0.19,0.15,400.00
378527,East (45-135°),13.43,1500,2.30,2755.84,1200.00,171.00,4834.80,2105.26,0.19,0.15,400.00
378528,West (225-315°),1.51,1500,0.26,309.85,1200.00,171.00,543.60,2105.26,0.19,0.15,400.00
378529,West (225-315°),1.51,1500,0.26,309.85,1200.00,171.00,543.60,2105.26,0.19,0.15,400.00
378530,East (45-135°),13.43,1500,2.30,2755.84,1200.00,171.00,4834.80,2105.26,0.19,0.15,400.00
378531,East (45-135°),10.76,1500,1.84,2207.95,1200.00,171.00,3873.60,2105.26,0.19,0.15,400.00
378073,South (135-225°),1.51,1500,0.26,309.85,1200.00,171.00,543.60,2105.26,0.19,0.15,400.00
378074,South (135-225°),1.51,1500,0.26,309.85,1200.00,171.00,543.60,2105.26,0.19,0.15,400.00
378078,South (135-225°),1.51,1500,0.26,309.85,1200.00,171.00,543.60,2105.26,0.19,0.15,400.00
378079,South (135-225°),1.51,1500,0.26,309.85,1200.00,171.00,543.60,2105.26,0.19,0.15,400.00
378083,South (135-225°),1.51,1500,0.26,309.85,1200.00,171.00,543.60,2105.26,0.19,0.15,400.00
378084,South (135-225°),1.51,1500,0.26,309.85,1200.00,171.00,543.60,2105.26,0.19,0.15,400.00
378088,South (135-225°),1.51,1500,0.26,309.85,1200.00,171.00,543.60,2105.26,0.19,0.15,400.00
378089,South (135-225°),1.51,1500,0.26,309.85,1200.00,171.00,543.60,2105.26,0.19,0.15,400.00
378093,South (135-225°),1.51,1500,0.26,309.85,1200.00,171.00,543.60,2105.26,0.19,0.15,400.00
378094,South (135-225°),1.51,1500,0.26,309.85,1200.00,171.00,543.60,2105.26,0.19,0.15,400.00
378424,West (225-315°),13.43,1500,2.30,2755.84,1200.00,171.00,4834.80,2105.26,0.19,0.15,400.00
378425,East (45-135°),1.51,1500,0.26,309.85,1200.00,171.00,543.60,2105.26,0.19,0.15,400.00
378426,East (45-135°),1.51,1500,0.26,309.85,1200.00,171.00,543.60,2105.26,0.19,0.15,400.00
378427,West (225-315°),13.43,1500,2.30,2755.84,1200.00,171.00,4834.80,2105.26,0.19,0.15,400.00
378428,West (225-315°),10.76,1500,1.84,2207.95,1200.00,171.00,3873.60,2105.26,0.19,0.15,400.00
378429,West (225-315°),13.43,1500,2.30,2755.84,1200.00,171.00,4834.80,2105.26,0.19,0.15,400.00
378430,East (45-135°),1.51,1500,0.26,309.85,1200.00,171.00,543.60,2105.26,0.19,0.15,400.00
378431,East (45-135°),1.51,1500,0.26,309.85,1200.00,171.00,543.60,2105.26,0.19,0.15,400.00
378432,West (225-315°),13.43,1500,2.30,2755.84,1200.00,171.00,4834.80,2105.26,0.19,0.15,400.00
378433,West (225-315°),10.76,1500,1.84,2207.95,1200.00,171.00,3873.60,2105.26,0.19,0.15,400.00
378434,West (225-315°),13.43,1500,2.30,2755.84,1200.00,171.00,4834.80,2105.26,0.19,0.15,400.00
378435,East (45-135°),1.51,1500,0.26,309.85,1200.00,171.00,543.60,2105.26,0.19,0.15,400.00
378436,East (45-135°),1.51,1500,0.26,309.85,1200.00,171.00,543.60,2105.26,0.19,0.15,400.00
378437,West (225-315°),13.43,1500,2.30,2755.84,1200.00,171.00,4834.80,2105.26,0.19,0.15,400.00
378438,West (225-315°),10.76,1500,1.84,2207.95,1200.00,171.00,3873.60,2105.26,0.19,0.15,400.00
378439,West (225-315°),13.43,1500,2.30,2755.84,1200.00,171.00,4834.80,2105.26,0.19,0.15,400.00
378440,East (45-135°),1.51,1500,0.26,309.85,1200.00,171.00,543.60,2105.26,0.19,0.15,400.00
378441,East (45-135°),1.51,1500,0.26,309.85,1200.00,171.00,543.60,2105.26,0.19,0.15,400.00
378442,West (225-315°),13.43,1500,2.30,2755.84,1200.00,171.00,4834.80,2105.26,0.19,0.15,400.00
378443,West (225-315°),10.76,1500,1.84,2207.95,1200.00,171.00,3873.60,2105.26,0.19,0.15,400.00
378444,West (225-315°),13.43,1500,2.30,2755.84,1200.00,171.00,4834.80,2105.26,0.19,0.15,400.00
378445,East (45-135°),1.51,1500,0.26,309.85,1200.00,171.00,543.60,2105.26,0.19,0.15,400.00
378446,East (45-135°),1.51,1500,0.26,309.85,1200.00,171.00,543.60,2105.26,0.19,0.15,400.00
378447,West (225-315°),13.43,1500,2.30,2755.84,1200.00,171.00,4834.80,2105.26,0.19,0.15,400.00
378448,West (225-315°),10.76,1500,1.84,2207.95,1200.00,171.00,3873.60,2105.26,0.19,0.15,400.00
372079,West (225-315°),13.43,1500,2.30,2755.84,1200.00,171.00,4834.80,2105.26,0.19,0.15,400.00
372080,West (225-315°),13.43,1500,2.30,2755.84,1200.00,171.00,4834.80,2105.26,0.19,0.15,400.00
372081,West (225-315°),13.43,1500,2.30,2755.84,1200.00,171.00,4834.80,2105.26,0.19,0.15,400.00
372082,West (225-315°),13.43,1500,2.30,2755.84,1200.00,171.00,4834.80,2105.26,0.19,0.15,400.00
372083,West (225-315°),1.51,1500,0.26,309.85,1200.00,171.00,543.60,2105.26,0.19,0.15,400.00
372084,West (225-315°),1.51,1500,0.26,309.85,1200.00,171.00,543.60,2105.26,0.19,0.15,400.00
372085,West (225-315°),13.43,1500,2.30,2755.84,1200.00,171.00,4834.80,2105.26,0.19,0.15,400.00
372086,West (225-315°),13.43,1500,2.30,2755.84,1200.00,171.00,4834.80,2105.26,0.19,0.15,400.00
372087,West (225-315°),13.43,1500,2.30,2755.84,1200.00,171.00,4834.80,2105.26,0.19,0.15,400.00
372088,West (225-315°),1.51,1500,0.26,309.85,1200.00,171.00,543.60,2105.26,0.19,0.15,400.00
372089,West (225-315°),1.51,1500,0.26,309.85,1200.00,171.00,543.60,2105.26,0.19,0.15,400.00
372090,West (225-315°),1.51,1500,0.26,309.85,1200.00,171.00,543.60,2105.26,0.19,0.15,400.00
372091,West (225-315°),1.51,1500,0.26,309.85,1200.00,171.00,543.60,2105.26,0.19,0.15,400.00
372092,West (225-315°),1.51,1500,0.26,309.85,1200.00,171.00,543.60,2105.26,0.19,0.15,400.00
372093,West (225-315°),1.51,1500,0.26,309.85,1200.00,171.00,543.60,2105.26,0.19,0.15,400.00
372094,West (225-315°),1.51,1500,0.26,309.85,1200.00,171.00,543.60,2105.26,0.19,0.15,400.00
372095,West (225-315°),1.51,1500,0.26,309.85,1200.00,171.00,543.60,2105.26,0.19,0.15,400.00
372096,West (225-315°),1.51,1500,0.26,309.85,1200.00,171.00,543.60,2105.26,0.19,0.15,400.00
372097,West (225-315°),1.51,1500,0.26,309.85,1200.00,171.00,543.60,2105.26,0.19,0.15,400.00
372098,West (225-315°),1.51,1500,0.26,309.85,1200.00,171.00,543.60,2105.26,0.19,0.15,400.00
372099,West (225-315°),1.51,1500,0.26,309.85,1200.00,171.00,543.60,2105.26,0.19,0.15,400.00
372100,West (225-315°),13.43,1500,2.30,2755.84,1200.00,171.00,4834.80,2105.26,0.19,0.15,400.00
372101,West (225-315°),13.43,1500,2.30,2755.84,1200.00,171.00,4834.80,2105.26,0.19,0.15,400.00
372102,West (225-315°),13.43,1500,2.30,2755.84,1200.00,171.00,4834.80,2105.26,0.19,0.15,400.00
372103,West (225-315°),13.43,1500,2.30,2755.84,1200.00,171.00,4834.80,2105.26,0.19,0.15,400.00
372104,West (225-315°),13.43,1500,2.30,2755.84,1200.00,171.00,4834.80,2105.26,0.19,0.15,400.00
372105,West (225-315°),13.43,1500,2.30,2755.84,1200.00,171.00,4834.80,2105.26,0.19,0.15,400.00
372107,West (225-315°),10.76,1500,1.84,2207.95,1200.00,171.00,3873.60,2105.26,0.19,0.15,400.00
372108,West (225-315°),10.76,1500,1.84,2207.95,1200.00,171.00,3873.60,2105.26,0.19,0.15,400.00
372109,West (225-315°),10.76,1500,1.84,2207.95,1200.00,171.00,3873.60,2105.26,0.19,0.15,400.00
372110,West (225-315°),10.76,1500,1.84,2207.95,1200.00,171.00,3873.60,2105.26,0.19,0.15,400.00
372111,West (225-315°),10.76,1500,1.84,2207.95,1200.00,171.00,3873.60,2105.26,0.19,0.15,400.00
372112,West (225-315°),10.76,1500,1.84,2207.95,1200.00,171.00,3873.60,2105.26,0.19,0.15,400.00
374306,West (225-315°),13.43,1500,2.30,2755.84,1200.00,171.00,4834.80,2105.26,0.19,0.15,400.00
372735,West (225-315°),13.43,1500,2.30,2755.84,1200.00,171.00,4834.80,2105.26,0.19,0.15,400.00
372749,West (225-315°),1.51,1500,0.26,309.85,1200.00,171.00,543.60,2105.26,0.19,0.15,400.00
372842,West (225-315°),1.51,1500,0.26,309.85,1200.00,171.00,543.60,2105.26,0.19,0.15,400.00
372872,West (225-315°),13.43,1500,2.30,2755.84,1200.00,171.00,4834.80,2105.26,0.19,0.15,400.00
372873,West (225-315°),1.51,1500,0.26,309.85,1200.00,171.00,543.60,2105.26,0.19,0.15,400.00
372874,West (225-315°),1.51,1500,0.26,309.85,1200.00,171.00,543.60,2105.26,0.19,0.15,400.00
372887,West (225-315°),13.43,1500,2.30,2755.84,1200.00,171.00,4834.80,2105.26,0.19,0.15,400.00
372888,West (225-315°),1.51,1500,0.26,309.85,1200.00,171.00,543.60,2105.26,0.19,0.15,400.00
372889,West (225-315°),1.51,1500,0.26,309.85,1200.00,171.00,543.60,2105.26,0.19,0.15,400.00
373082,West (225-315°),13.43,1500,2.30,2755.84,1200.00,171.00,4834.80,2105.26,0.19,0.15,400.00
373083,West (225-315°),13.43,1500,2.30,2755.84,1200.00,171.00,4834.80,2105.26,0.19,0.15,400.00
373084,West (225-315°),13.43,1500,2.30,2755.84,1200.00,171.00,4834.80,2105.26,0.19,0.15,400.00
373085,East (45-135°),1.51,1500,0.26,309.85,1200.00,171.00,543.60,2105.26,0.19,0.15,400.00
373086,East (45-135°),1.51,1500,0.26,309.85,1200.00,171.00,543.60,2105.26,0.19,0.15,400.00
373087,East (45-135°),1.51,1500,0.26,309.85,1200.00,171.00,543.60,2105.26,0.19,0.15,400.00
373088,East (45-135°),1.51,1500,0.26,309.85,1200.00,171.00,543.60,2105.26,0.19,0.15,400.00
373089,East (45-135°),1.51,1500,0.26,309.85,1200.00,171.00,543.60,2105.26,0.19,0.15,400.00
373090,East (45-135°),1.51,1500,0.26,309.85,1200.00,171.00,543.60,2105.26,0.19,0.15,400.00
373091,East (45-135°),13.43,1500,2.30,2755.84,1200.00,171.00,4834.80,2105.26,0.19,0.15,400.00
373092,East (45-135°),13.43,1500,2.30,2755.84,1200.00,171.00,4834.80,2105.26,0.19,0.15,400.00
373093,East (45-135°),13.43,1500,2.30,2755.84,1200.00,171.00,4834.80,2105.26,0.19,0.15,400.00
373094,East (45-135°),10.76,1500,1.84,2207.95,1200.00,171.00,3873.60,2105.26,0.19,0.15,400.00
373095,East (45-135°),10.76,1500,1.84,2207.95,1200.00,171.00,3873.60,2105.26,0.19,0.15,400.00
373096,East (45-135°),10.76,1500,1.84,2207.95,1200.00,171.00,3873.60,2105.26,0.19,0.15,400.00
373035,East (45-135°),13.43,1500,2.30,2755.84,1200.00,171.00,4834.80,2105.26,0.19,0.15,400.00
373036,East (45-135°),13.43,1500,2.30,2755.84,1200.00,171.00,4834.80,2105.26,0.19,0.15,400.00
373037,East (45-135°),13.43,1500,2.30,2755.84,1200.00,171.00,4834.80,2105.26,0.19,0.15,400.00
373038,East (45-135°),13.43,1500,2.30,2755.84,1200.00,171.00,4834.80,2105.26,0.19,0.15,400.00
373039,East (45-135°),13.43,1500,2.30,2755.84,1200.00,171.00,4834.80,2105.26,0.19,0.15,400.00
373040,East (45-135°),13.43,1500,2.30,2755.84,1200.00,171.00,4834.80,2105.26,0.19,0.15,400.00
373041,East (45-135°),13.43,1500,2.30,2755.84,1200.00,171.00,4834.80,2105.26,0.19,0.15,400.00
373048,East (45-135°),10.76,1500,1.84,2207.95,1200.00,171.00,3873.60,2105.26,0.19,0.15,400.00
373047,East (45-135°),10.76,1500,1.84,2207.95,1200.00,171.00,3873.60,2105.26,0.19,0.15,400.00
373046,East (45-135°),10.76,1500,1.84,2207.95,1200.00,171.00,3873.60,2105.26,0.19,0.15,400.00
373045,East (45-135°),10.76,1500,1.84,2207.95,1200.00,171.00,3873.60,2105.26,0.19,0.15,400.00
373044,East (45-135°),10.76,1500,1.84,2207.95,1200.00,171.00,3873.60,2105.26,0.19,0.15,400.00
373043,East (45-135°),10.76,1500,1.84,2207.95,1200.00,171.00,3873.60,2105.26,0.19,0.15,400.00
373042,East (45-135°),10.76,1500,1.84,2207.95,1200.00,171.00,3873.60,2105.26,0.19,0.15,400.00
373014,West (225-315°),13.43,1500,2.30,2755.84,1200.00,171.00,4834.80,2105.26,0.19,0.15,400.00
373015,West (225-315°),13.43,1500,2.30,2755.84,1200.00,171.00,4834.80,2105.26,0.19,0.15,400.00
373016,West (225-315°),13.43,1500,2.30,2755.84,1200.00,171.00,4834.80,2105.26,0.19,0.15,400.00
373017,East (45-135°),13.43,1500,2.30,2755.84,1200.00,171.00,4834.80,2105.26,0.19,0.15,400.00
373018,East (45-135°),1.51,1500,0.26,309.85,1200.00,171.00,543.60,2105.26,0.19,0.15,400.00
373019,East (45-135°),1.51,1500,0.26,309.85,1200.00,171.00,543.60,2105.26,0.19,0.15,400.00
373020,West (225-315°),13.43,1500,2.30,2755.84,1200.00,171.00,4834.80,2105.26,0.19,0.15,400.00
373021,West (225-315°),13.43,1500,2.30,2755.84,1200.00,171.00,4834.80,2105.26,0.19,0.15,400.00
373022,West (225-315°),13.43,1500,2.30,2755.84,1200.00,171.00,4834.80,2105.26,0.19,0.15,400.00
373023,East (45-135°),1.51,1500,0.26,309.85,1200.00,171.00,543.60,2105.26,0.19,0.15,400.00
373024,East (45-135°),1.51,1500,0.26,309.85,1200.00,171.00,543.60,2105.26,0.19,0.15,400.00
373025,East (45-135°),1.51,1500,0.26,309.85,1200.00,171.00,543.60,2105.26,0.19,0.15,400.00
373026,East (45-135°),1.51,1500,0.26,309.85,1200.00,171.00,543.60,2105.26,0.19,0.15,400.00
373027,East (45-135°),1.51,1500,0.26,309.85,1200.00,171.00,543.60,2105.26,0.19,0.15,400.00
373028,East (45-135°),1.51,1500,0.26,309.85,1200.00,171.00,543.60,2105.26,0.19,0.15,400.00
373029,East (45-135°),1.51,1500,0.26,309.85,1200.00,171.00,543.60,2105.26,0.19,0.15,400.00
373030,East (45-135°),1.51,1500,0.26,309.85,1200.00,171.00,543.60,2105.26,0.19,0.15,400.00
373031,East (45-135°),1.51,1500,0.26,309.85,1200.00,171.00,543.60,2105.26,0.19,0.15,400.00
373032,East (45-135°),1.51,1500,0.26,309.85,1200.00,171.00,543.60,2105.26,0.19,0.15,400.00
373033,East (45-135°),1.51,1500,0.26,309.85,1200.00,171.00,543.60,2105.26,0.19,0.15,400.00
373034,East (45-135°),1.51,1500,0.26,309.85,1200.00,171.00,543.60,2105.26,0.19,0.15,400.00
373049,West (225-315°),13.43,1500,2.30,2755.84,1200.00,171.00,4834.80,2105.26,0.19,0.15,400.00
373050,West (225-315°),13.43,1500,2.30,2755.84,1200.00,171.00,4834.80,2105.26,0.19,0.15,400.00
373051,West (225-315°),13.43,1500,2.30,2755.84,1200.00,171.00,4834.80,2105.26,0.19,0.15,400.00
373052,East (45-135°),13.43,1500,2.30,2755.84,1200.00,171.00,4834.80,2105.26,0.19,0.15,400.00
373053,East (45-135°),1.51,1500,0.26,309.85,1200.00,171.00,543.60,2105.26,0.19,0.15,400.00
373054,East (45-135°),1.51,1500,0.26,309.85,1200.00,171.00,543.60,2105.26,0.19,0.15,400.00
373055,West (225-315°),13.43,1500,2.30,2755.84,1200.00,171.00,4834.80,2105.26,0.19,0.15,400.00
373056,West (225-315°),13.43,1500,2.30,2755.84,1200.00,171.00,4834.80,2105.26,0.19,0.15,400.00
373057,West (225-315°),13.43,1500,2.30,2755.84,1200.00,171.00,4834.80,2105.26,0.19,0.15,400.00
373058,East (45-135°),1.51,1500,0.26,309.85,1200.00,171.00,543.60,2105.26,0.19,0.15,400.00
373059,East (45-135°),1.51,1500,0.26,309.85,1200.00,171.00,543.60,2105.26,0.19,0.15,400.00
373060,East (45-135°),1.51,1500,0.26,309.85,1200.00,171.00,543.60,2105.26,0.19,0.15,400.00
373061,East (45-135°),1.51,1500,0.26,309.85,1200.00,171.00,543.60,2105.26,0.19,0.15,400.00
373062,East (45-135°),1.51,1500,0.26,309.85,1200.00,171.00,543.60,2105.26,0.19,0.15,400.00
373063,East (45-135°),1.51,1500,0.26,309.85,1200.00,171.00,543.60,2105.26,0.19,0.15,400.00
373064,East (45-135°),1.51,1500,0.26,309.85,1200.00,171.00,543.60,2105.26,0.19,0.15,400.00
373065,East (45-135°),1.51,1500,0.26,309.85,1200.00,171.00,543.60,2105.26,0.19,0.15,400.00
373066,East (45-135°),1.51,1500,0.26,309.85,1200.00,171.00,543.60,2105.26,0.19,0.15,400.00
373067,East (45-135°),1.51,1500,0.26,309.85,1200.00,171.00,543.60,2105.26,0.19,0.15,400.00
373068,East (45-135°),1.51,1500,0.26,309.85,1200.00,171.00,543.60,2105.26,0.19,0.15,400.00
373069,East (45-135°),1.51,1500,0.26,309.85,1200.00,171.00,543.60,2105.26,0.19,0.15,400.00
373070,East (45-135°),13.43,1500,2.30,2755.84,1200.00,171.00,4834.80,2105.26,0.19,0.15,400.00
373071,East (45-135°),13.43,1500,2.30,2755.84,1200.00,171.00,4834.80,2105.26,0.19,0.15,400.00
373072,East (45-135°),13.43,1500,2.30,2755.84,1200.00,171.00,4834.80,2105.26,0.19,0.15,400.00
373073,East (45-135°),13.43,1500,2.30,2755.84,1200.00,171.00,4834.80,2105.26,0.19,0.15,400.00
373074,East (45-135°),13.43,1500,2.30,2755.84,1200.00,171.00,4834.80,2105.26,0.19,0.15,400.00
373075,East (45-135°),13.43,1500,2.30,2755.84,1200.00,171.00,4834.80,2105.26,0.19,0.15,400.00
373076,East (45-135°),10.76,1500,1.84,2207.95,1200.00,171.00,3873.60,2105.26,0.19,0.15,400.00
373077,East (45-135°),10.76,1500,1.84,2207.95,1200.00,171.00,3873.60,2105.26,0.19,0.15,400.00
373078,East (45-135°),10.76,1500,1.84,2207.95,1200.00,171.00,3873.60,2105.26,0.19,0.15,400.00
373079,East (45-135°),10.76,1500,1.84,2207.95,1200.00,171.00,3873.60,2105.26,0.19,0.15,400.00
373080,East (45-135°),10.76,1500,1.84,2207.95,1200.00,171.00,3873.60,2105.26,0.19,0.15,400.00
373081,East (45-135°),10.76,1500,1.84,2207.95,1200.00,171.00,3873.60,2105.26,0.19,0.15,400.00
373489,East (45-135°),13.43,1500,2.30,2755.84,1200.00,171.00,4834.80,2105.26,0.19,0.15,400.00
373490,East (45-135°),10.76,1500,1.84,2207.95,1200.00,171.00,3873.60,2105.26,0.19,0.15,400.00
373101,East (45-135°),13.43,1500,2.30,2755.84,1200.00,171.00,4834.80,2105.26,0.19,0.15,400.00
373102,East (45-135°),1.51,1500,0.26,309.85,1200.00,171.00,543.60,2105.26,0.19,0.15,400.00
373103,East (45-135°),1.51,1500,0.26,309.85,1200.00,171.00,543.60,2105.26,0.19,0.15,400.00
373104,East (45-135°),13.43,1500,2.30,2755.84,1200.00,171.00,4834.80,2105.26,0.19,0.15,400.00
373105,East (45-135°),1.51,1500,0.26,309.85,1200.00,171.00,543.60,2105.26,0.19,0.15,400.00
373106,East (45-135°),1.51,1500,0.26,309.85,1200.00,171.00,543.60,2105.26,0.19,0.15,400.00
373107,East (45-135°),13.43,1500,2.30,2755.84,1200.00,171.00,4834.80,2105.26,0.19,0.15,400.00
373108,East (45-135°),1.51,1500,0.26,309.85,1200.00,171.00,543.60,2105.26,0.19,0.15,400.00
373109,East (45-135°),1.51,1500,0.26,309.85,1200.00,171.00,543.60,2105.26,0.19,0.15,400.00
384551,South (135-225°),1.51,1500,0.26,309.85,1200.00,171.00,543.60,2105.26,0.19,0.15,400.00
384552,South (135-225°),1.51,1500,0.26,309.85,1200.00,171.00,543.60,2105.26,0.19,0.15,400.00
384553,South (135-225°),13.43,1500,2.30,2755.84,1200.00,171.00,4834.80,2105.26,0.19,0.15,400.00
384554,South (135-225°),10.76,1500,1.84,2207.95,1200.00,171.00,3873.60,2105.26,0.19,0.15,400.00
384556,South (135-225°),1.51,1500,0.26,309.85,1200.00,171.00,543.60,2105.26,0.19,0.15,400.00
384557,South (135-225°),1.51,1500,0.26,309.85,1200.00,171.00,543.60,2105.26,0.19,0.15,400.00
384558,South (135-225°),13.43,1500,2.30,2755.84,1200.00,171.00,4834.80,2105.26,0.19,0.15,400.00
384559,South (135-225°),10.76,1500,1.84,2207.95,1200.00,171.00,3873.60,2105.26,0.19,0.15,400.00
384621,South (135-225°),1.51,1500,0.26,309.85,1200.00,171.00,543.60,2105.26,0.19,0.15,400.00
384622,South (135-225°),1.51,1500,0.26,309.85,1200.00,171.00,543.60,2105.26,0.19,0.15,400.00
384623,South (135-225°),13.43,1500,2.30,2755.84,1200.00,171.00,4834.80,2105.26,0.19,0.15,400.00
384624,South (135-225°),10.76,1500,1.84,2207.95,1200.00,171.00,3873.60,2105.26,0.19,0.15,400.00
384616,South (135-225°),1.51,1500,0.26,309.85,1200.00,171.00,543.60,2105.26,0.19,0.15,400.00
384617,South (135-225°),1.51,1500,0.26,309.85,1200.00,171.00,543.60,2105.26,0.19,0.15,400.00
384618,South (135-225°),13.43,1500,2.30,2755.84,1200.00,171.00,4834.80,2105.26,0.19,0.15,400.00
384619,South (135-225°),10.76,1500,1.84,2207.95,1200.00,171.00,3873.60,2105.26,0.19,0.15,400.00
384611,South (135-225°),1.51,1500,0.26,309.85,1200.00,171.00,543.60,2105.26,0.19,0.15,400.00
384612,South (135-225°),1.51,1500,0.26,309.85,1200.00,171.00,543.60,2105.26,0.19,0.15,400.00
384613,South (135-225°),13.43,1500,2.30,2755.84,1200.00,171.00,4834.80,2105.26,0.19,0.15,400.00
384614,South (135-225°),10.76,1500,1.84,2207.95,1200.00,171.00,3873.60,2105.26,0.19,0.15,400.00
384606,South (135-225°),1.51,1500,0.26,309.85,1200.00,171.00,543.60,2105.26,0.19,0.15,400.00
384607,South (135-225°),1.51,1500,0.26,309.85,1200.00,171.00,543.60,2105.26,0.19,0.15,400.00
384608,South (135-225°),13.43,1500,2.30,2755.84,1200.00,171.00,4834.80,2105.26,0.19,0.15,400.00
384609,South (135-225°),10.76,1500,1.84,2207.95,1200.00,171.00,3873.60,2105.26,0.19,0.15,400.00
384601,South (135-225°),1.51,1500,0.26,309.85,1200.00,171.00,543.60,2105.26,0.19,0.15,400.00
384602,South (135-225°),1.51,1500,0.26,309.85,1200.00,171.00,543.60,2105.26,0.19,0.15,400.00
384603,South (135-225°),13.43,1500,2.30,2755.84,1200.00,171.00,4834.80,2105.26,0.19,0.15,400.00
384604,South (135-225°),10.76,1500,1.84,2207.95,1200.00,171.00,3873.60,2105.26,0.19,0.15,400.00
384596,South (135-225°),1.51,1500,0.26,309.85,1200.00,171.00,543.60,2105.26,0.19,0.15,400.00
384597,South (135-225°),1.51,1500,0.26,309.85,1200.00,171.00,543.60,2105.26,0.19,0.15,400.00
384598,South (135-225°),13.43,1500,2.30,2755.84,1200.00,171.00,4834.80,2105.26,0.19,0.15,400.00
384599,South (135-225°),10.76,1500,1.84,2207.95,1200.00,171.00,3873.60,2105.26,0.19,0.15,400.00
384591,South (135-225°),1.51,1500,0.26,309.85,1200.00,171.00,543.60,2105.26,0.19,0.15,400.00
384592,South (135-225°),1.51,1500,0.26,309.85,1200.00,171.00,543.60,2105.26,0.19,0.15,400.00
384593,South (135-225°),13.43,1500,2.30,2755.84,1200.00,171.00,4834.80,2105.26,0.19,0.15,400.00
384594,South (135-225°),10.76,1500,1.84,2207.95,1200.00,171.00,3873.60,2105.26,0.19,0.15,400.00
384586,South (135-225°),1.51,1500,0.26,309.85,1200.00,171.00,543.60,2105.26,0.19,0.15,400.00
384587,South (135-225°),1.51,1500,0.26,309.85,1200.00,171.00,543.60,2105.26,0.19,0.15,400.00
384588,South (135-225°),13.43,1500,2.30,2755.84,1200.00,171.00,4834.80,2105.26,0.19,0.15,400.00
384589,South (135-225°),10.76,1500,1.84,2207.95,1200.00,171.00,3873.60,2105.26,0.19,0.15,400.00
384581,South (135-225°),1.51,1500,0.26,309.85,1200.00,171.00,543.60,2105.26,0.19,0.15,400.00
384582,South (135-225°),1.51,1500,0.26,309.85,1200.00,171.00,543.60,2105.26,0.19,0.15,400.00
384583,South (135-225°),13.43,1500,2.30,2755.84,1200.00,171.00,4834.80,2105.26,0.19,0.15,400.00
384584,South (135-225°),10.76,1500,1.84,2207.95,1200.00,171.00,3873.60,2105.26,0.19,0.15,400.00
384576,South (135-225°),1.51,1500,0.26,309.85,1200.00,171.00,543.60,2105.26,0.19,0.15,400.00
384577,South (135-225°),1.51,1500,0.26,309.85,1200.00,171.00,543.60,2105.26,0.19,0.15,400.00
384578,South (135-225°),13.43,1500,2.30,2755.84,1200.00,171.00,4834.80,2105.26,0.19,0.15,400.00
384579,South (135-225°),10.76,1500,1.84,2207.95,1200.00,171.00,3873.60,2105.26,0.19,0.15,400.00
384571,South (135-225°),1.51,1500,0.26,309.85,1200.00,171.00,543.60,2105.26,0.19,0.15,400.00
384572,South (135-225°),1.51,1500,0.26,309.85,1200.00,171.00,543.60,2105.26,0.19,0.15,400.00
384573,South (135-225°),13.43,1500,2.30,2755.84,1200.00,171.00,4834.80,2105.26,0.19,0.15,400.00
384574,South (135-225°),10.76,1500,1.84,2207.95,1200.00,171.00,3873.60,2105.26,0.19,0.15,400.00
384566,South (135-225°),1.51,1500,0.26,309.85,1200.00,171.00,543.60,2105.26,0.19,0.15,400.00
384567,South (135-225°),1.51,1500,0.26,309.85,1200.00,171.00,543.60,2105.26,0.19,0.15,400.00
384568,South (135-225°),13.43,1500,2.30,2755.84,1200.00,171.00,4834.80,2105.26,0.19,0.15,400.00
384569,South (135-225°),10.76,1500,1.84,2207.95,1200.00,171.00,3873.60,2105.26,0.19,0.15,400.00
384561,South (135-225°),1.51,1500,0.26,309.85,1200.00,171.00,543.60,2105.26,0.19,0.15,400.00
384562,South (135-225°),1.51,1500,0.26,309.85,1200.00,171.00,543.60,2105.26,0.19,0.15,400.00
384563,South (135-225°),13.43,1500,2.30,2755.84,1200.00,171.00,4834.80,2105.26,0.19,0.15,400.00
384564,South (135-225°),10.76,1500,1.84,2207.95,1200.00,171.00,3873.60,2105.26,0.19,0.15,400.00
384536,South (135-225°),1.51,1500,0.26,309.85,1200.00,171.00,543.60,2105.26,0.19,0.15,400.00
384537,South (135-225°),1.51,1500,0.26,309.85,1200.00,171.00,543.60,2105.26,0.19,0.15,400.00
384538,South (135-225°),13.43,1500,2.30,2755.84,1200.00,171.00,4834.80,2105.26,0.19,0.15,400.00
384539,South (135-225°),10.76,1500,1.84,2207.95,1200.00,171.00,3873.60,2105.26,0.19,0.15,400.00
384541,South (135-225°),1.51,1500,0.26,309.85,1200.00,171.00,543.60,2105.26,0.19,0.15,400.00
384542,South (135-225°),1.51,1500,0.26,309.85,1200.00,171.00,543.60,2105.26,0.19,0.15,400.00
384543,South (135-225°),13.43,1500,2.30,2755.84,1200.00,171.00,4834.80,2105.26,0.19,0.15,400.00
384544,South (135-225°),10.76,1500,1.84,2207.95,1200.00,171.00,3873.60,2105.26,0.19,0.15,400.00
384546,South (135-225°),1.51,1500,0.26,309.85,1200.00,171.00,543.60,2105.26,0.19,0.15,400.00
384547,South (135-225°),1.51,1500,0.26,309.85,1200.00,171.00,543.60,2105.26,0.19,0.15,400.00
384548,South (135-225°),13.43,1500,2.30,2755.84,1200.00,171.00,4834.80,2105.26,0.19,0.15,400.00
384549,South (135-225°),10.76,1500,1.84,2207.95,1200.00,171.00,3873.60,2105.26,0.19,0.15,400.00
384816,South (135-225°),10.76,1500,1.84,2207.95,1200.00,171.00,3873.60,2105.26,0.19,0.15,400.00
384817,South (135-225°),10.76,1500,1.84,2207.95,1200.00,171.00,3873.60,2105.26,0.19,0.15,400.00
