Element_ID,Wall_Hosted_ID,Glass_Area,Orientation,Azimuth,Annual_Radiation,Expected_Production,BIPV_Selected,Window_Width,Window_Height,Building_Level
349359,,6.57,North (315-45°),354.1,900.0,0.7,False,3.08,2.14,01
349634,,6.57,North (315-45°),354.1,900.0,0.7,False,3.08,2.14,01
349657,,6.57,North (315-45°),354.1,900.0,0.7,False,3.08,2.14,01
349662,,6.57,North (315-45°),354.1,900.0,0.7,False,3.08,2.14,01
349667,,6.57,North (315-45°),354.1,900.0,0.7,False,3.08,2.14,01
349693,,6.57,North (315-45°),354.1,900.0,0.7,False,3.08,2.14,00
349694,,6.57,North (315-45°),354.1,900.0,0.7,False,3.08,2.14,00
349696,,6.57,North (315-45°),354.1,900.0,0.7,False,3.08,2.14,00
349697,,6.57,North (315-45°),354.1,900.0,0.7,False,3.08,2.14,00
349698,,6.57,North (315-45°),354.1,900.0,0.7,False,3.08,2.14,00
349702,,6.57,North (315-45°),354.1,900.0,0.7,False,3.08,2.14,02
349703,,6.57,North (315-45°),354.1,900.0,0.7,False,3.08,2.14,02
349705,,6.57,North (315-45°),354.1,900.0,0.7,False,3.08,2.14,02
349706,,6.57,North (315-45°),354.1,900.0,0.7,False,3.08,2.14,02
349707,,6.57,North (315-45°),354.1,900.0,0.7,False,3.08,2.14,02
349711,,6.57,North (315-45°),354.1,900.0,0.7,False,3.08,2.14,03
349712,,6.57,North (315-45°),354.1,900.0,0.7,False,3.08,2.14,03
349714,,6.57,North (315-45°),354.1,900.0,0.7,False,3.08,2.14,03
349715,,6.57,North (315-45°),354.1,900.0,0.7,False,3.08,2.14,03
349716,,6.57,North (315-45°),354.1,900.0,0.7,False,3.08,2.14,03
349720,,6.57,North (315-45°),354.1,900.0,0.7,False,3.08,2.14,04
349721,,6.57,North (315-45°),354.1,900.0,0.7,False,3.08,2.14,04
349723,,6.57,North (315-45°),354.1,900.0,0.7,False,3.08,2.14,04
349724,,6.57,North (315-45°),354.1,900.0,0.7,False,3.08,2.14,04
349725,,6.57,North (315-45°),354.1,900.0,0.7,False,3.08,2.14,04
350544,,10.68,South (135-225°),174.1,1800.0,2.3,True,3.92,2.72,05
350544,,10.68,South (135-225°),174.1,1800.0,2.3,True,3.92,2.72,05
350614,,10.68,South (135-225°),174.1,1800.0,2.3,True,3.92,2.72,05
350635,,16.22,South (135-225°),174.1,1800.0,3.5,True,4.83,3.36,05
350640,,16.22,South (135-225°),174.1,1800.0,3.5,True,4.83,3.36,05
350645,,16.22,South (135-225°),174.1,1800.0,3.5,True,4.83,3.36,05
350650,,16.22,South (135-225°),174.1,1800.0,3.5,True,4.83,3.36,05
350655,,16.22,South (135-225°),174.1,1800.0,3.5,True,4.83,3.36,05
350660,,16.22,South (135-225°),174.1,1800.0,3.5,True,4.83,3.36,05
350665,,16.22,South (135-225°),174.1,1800.0,3.5,True,4.83,3.36,05
350822,,10.68,South (135-225°),174.1,1800.0,2.3,True,3.92,2.72,05
350823,,10.68,South (135-225°),174.1,1800.0,2.3,True,3.92,2.72,05
350824,,16.22,South (135-225°),174.1,1800.0,3.5,True,4.83,3.36,05
350825,,16.22,South (135-225°),174.1,1800.0,3.5,True,4.83,3.36,05
350826,,16.22,South (135-225°),174.1,1800.0,3.5,True,4.83,3.36,05
350827,,16.22,South (135-225°),174.1,1800.0,3.5,True,4.83,3.36,05
350828,,16.22,South (135-225°),174.1,1800.0,3.5,True,4.83,3.36,05
350829,,16.22,South (135-225°),174.1,1800.0,3.5,True,4.83,3.36,05
350830,,16.22,South (135-225°),174.1,1800.0,3.5,True,4.83,3.36,05
350859,,10.68,South (135-225°),174.1,1800.0,2.3,True,3.92,2.72,06
350860,,10.68,South (135-225°),174.1,1800.0,2.3,True,3.92,2.72,06
350861,,16.22,South (135-225°),174.1,1800.0,3.5,True,4.83,3.36,06
350862,,16.22,South (135-225°),174.1,1800.0,3.5,True,4.83,3.36,06
350863,,16.22,South (135-225°),174.1,1800.0,3.5,True,4.83,3.36,06
350864,,16.22,South (135-225°),174.1,1800.0,3.5,True,4.83,3.36,06
350865,,16.22,South (135-225°),174.1,1800.0,3.5,True,4.83,3.36,06
350866,,16.22,South (135-225°),174.1,1800.0,3.5,True,4.83,3.36,06
350867,,16.22,South (135-225°),174.1,1800.0,3.5,True,4.83,3.36,06
350868,,10.68,South (135-225°),174.1,1800.0,2.3,True,3.92,2.72,06
350869,,10.68,South (135-225°),174.1,1800.0,2.3,True,3.92,2.72,06
350870,,16.22,South (135-225°),174.1,1800.0,3.5,True,4.83,3.36,06
350871,,16.22,South (135-225°),174.1,1800.0,3.5,True,4.83,3.36,06
350872,,16.22,South (135-225°),174.1,1800.0,3.5,True,4.83,3.36,06
350873,,16.22,South (135-225°),174.1,1800.0,3.5,True,4.83,3.36,06
350874,,16.22,South (135-225°),174.1,1800.0,3.5,True,4.83,3.36,06
350875,,16.22,South (135-225°),174.1,1800.0,3.5,True,4.83,3.36,06
350876,,16.22,South (135-225°),174.1,1800.0,3.5,True,4.83,3.36,06
350881,,10.68,South (135-225°),174.1,1800.0,2.3,True,3.92,2.72,07
350882,,10.68,South (135-225°),174.1,1800.0,2.3,True,3.92,2.72,07
350883,,16.22,South (135-225°),174.1,1800.0,3.5,True,4.83,3.36,07
350884,,16.22,South (135-225°),174.1,1800.0,3.5,True,4.83,3.36,07
350885,,16.22,South (135-225°),174.1,1800.0,3.5,True,4.83,3.36,07
350886,,16.22,South (135-225°),174.1,1800.0,3.5,True,4.83,3.36,07
350887,,16.22,South (135-225°),174.1,1800.0,3.5,True,4.83,3.36,07
350888,,16.22,South (135-225°),174.1,1800.0,3.5,True,4.83,3.36,07
350889,,16.22,South (135-225°),174.1,1800.0,3.5,True,4.83,3.36,07
350890,,10.68,South (135-225°),174.1,1800.0,2.3,True,3.92,2.72,07
350891,,10.68,South (135-225°),174.1,1800.0,2.3,True,3.92,2.72,07
350892,,16.22,South (135-225°),174.1,1800.0,3.5,True,4.83,3.36,07
350893,,16.22,South (135-225°),174.1,1800.0,3.5,True,4.83,3.36,07
350894,,16.22,South (135-225°),174.1,1800.0,3.5,True,4.83,3.36,07
350895,,16.22,South (135-225°),174.1,1800.0,3.5,True,4.83,3.36,07
350896,,16.22,South (135-225°),174.1,1800.0,3.5,True,4.83,3.36,07
350897,,16.22,South (135-225°),174.1,1800.0,3.5,True,4.83,3.36,07
350898,,16.22,South (135-225°),174.1,1800.0,3.5,True,4.83,3.36,07
350903,,10.68,South (135-225°),174.1,1800.0,2.3,True,3.92,2.72,08
350904,,10.68,South (135-225°),174.1,1800.0,2.3,True,3.92,2.72,08
350905,,16.22,South (135-225°),174.1,1800.0,3.5,True,4.83,3.36,08
350906,,16.22,South (135-225°),174.1,1800.0,3.5,True,4.83,3.36,08
350907,,16.22,South (135-225°),174.1,1800.0,3.5,True,4.83,3.36,08
350908,,16.22,South (135-225°),174.1,1800.0,3.5,True,4.83,3.36,08
350909,,16.22,South (135-225°),174.1,1800.0,3.5,True,4.83,3.36,08
350910,,16.22,South (135-225°),174.1,1800.0,3.5,True,4.83,3.36,08
350911,,16.22,South (135-225°),174.1,1800.0,3.5,True,4.83,3.36,08
350912,,10.68,South (135-225°),174.1,1800.0,2.3,True,3.92,2.72,08
350913,,10.68,South (135-225°),174.1,1800.0,2.3,True,3.92,2.72,08
350914,,16.22,South (135-225°),174.1,1800.0,3.5,True,4.83,3.36,08
350915,,16.22,South (135-225°),174.1,1800.0,3.5,True,4.83,3.36,08
350916,,16.22,South (135-225°),174.1,1800.0,3.5,True,4.83,3.36,08
350917,,16.22,South (135-225°),174.1,1800.0,3.5,True,4.83,3.36,08
350918,,16.22,South (135-225°),174.1,1800.0,3.5,True,4.83,3.36,08
350919,,16.22,South (135-225°),174.1,1800.0,3.5,True,4.83,3.36,08
350920,,16.22,South (135-225°),174.1,1800.0,3.5,True,4.83,3.36,08
353807,,6.57,North (315-45°),354.1,900.0,0.7,False,3.08,2.14,03
353808,,6.57,North (315-45°),354.1,900.0,0.7,False,3.08,2.14,03
353809,,6.57,North (315-45°),354.1,900.0,0.7,False,3.08,2.14,03
353810,,6.57,North (315-45°),354.1,900.0,0.7,False,3.08,2.14,03
353811,,6.57,North (315-45°),354.1,900.0,0.7,False,3.08,2.14,03
353829,,6.57,North (315-45°),354.1,900.0,0.7,False,3.08,2.14,00
353830,,6.57,North (315-45°),354.1,900.0,0.7,False,3.08,2.14,00
353831,,6.57,North (315-45°),354.1,900.0,0.7,False,3.08,2.14,00
353832,,6.57,North (315-45°),354.1,900.0,0.7,False,3.08,2.14,00
353833,,6.57,North (315-45°),354.1,900.0,0.7,False,3.08,2.14,00
353837,,6.57,North (315-45°),354.1,900.0,0.7,False,3.08,2.14,01
353838,,6.57,North (315-45°),354.1,900.0,0.7,False,3.08,2.14,01
353839,,6.57,North (315-45°),354.1,900.0,0.7,False,3.08,2.14,01
353840,,6.57,North (315-45°),354.1,900.0,0.7,False,3.08,2.14,01
353841,,6.57,North (315-45°),354.1,900.0,0.7,False,3.08,2.14,01
353845,,6.57,North (315-45°),354.1,900.0,0.7,False,3.08,2.14,02
353846,,6.57,North (315-45°),354.1,900.0,0.7,False,3.08,2.14,02
353847,,6.57,North (315-45°),354.1,900.0,0.7,False,3.08,2.14,02
353848,,6.57,North (315-45°),354.1,900.0,0.7,False,3.08,2.14,02
353849,,6.57,North (315-45°),354.1,900.0,0.7,False,3.08,2.14,02
353853,,6.57,North (315-45°),354.1,900.0,0.7,False,3.08,2.14,04
353854,,6.57,North (315-45°),354.1,900.0,0.7,False,3.08,2.14,04
353855,,6.57,North (315-45°),354.1,900.0,0.7,False,3.08,2.14,04
353856,,6.57,North (315-45°),354.1,900.0,0.7,False,3.08,2.14,04
353857,,6.57,North (315-45°),354.1,900.0,0.7,False,3.08,2.14,04
354772,,820.24,South (135-225°),174.1,1800.0,177.2,True,34.37,23.87,03
354939,,1351.44,South (135-225°),174.1,1800.0,291.9,True,44.11,30.63,01
354939,,1351.44,South (135-225°),174.1,1800.0,291.9,True,44.11,30.63,01
354944,,820.24,South (135-225°),174.1,1800.0,177.2,True,34.37,23.87,02
354949,,820.24,South (135-225°),174.1,1800.0,177.2,True,34.37,23.87,04
354954,,820.24,South (135-225°),174.1,1800.0,177.2,True,34.37,23.87,05
354959,,820.24,South (135-225°),174.1,1800.0,177.2,True,34.37,23.87,06
354964,,820.24,South (135-225°),174.1,1800.0,177.2,True,34.37,23.87,07
354969,,820.24,South (135-225°),174.1,1800.0,177.2,True,34.37,23.87,08
355915,,44.04,South (135-225°),174.1,1800.0,9.5,True,7.96,5.53,06
355916,,44.04,South (135-225°),174.1,1800.0,9.5,True,7.96,5.53,06
355917,,44.04,South (135-225°),174.1,1800.0,9.5,True,7.96,5.53,06
355921,,44.04,South (135-225°),174.1,1800.0,9.5,True,7.96,5.53,07
355922,,44.04,South (135-225°),174.1,1800.0,9.5,True,7.96,5.53,07
355923,,44.04,South (135-225°),174.1,1800.0,9.5,True,7.96,5.53,07
355927,,44.04,South (135-225°),174.1,1800.0,9.5,True,7.96,5.53,08
355928,,44.04,South (135-225°),174.1,1800.0,9.5,True,7.96,5.53,08
355929,,44.04,South (135-225°),174.1,1800.0,9.5,True,7.96,5.53,08
366345,,23.39,West (225-315°),263.5,1400.0,3.9,True,5.80,4.03,00
366379,,23.39,West (225-315°),263.5,1400.0,3.9,True,5.80,4.03,00
366386,,23.39,West (225-315°),263.5,1400.0,3.9,True,5.80,4.03,00
366593,,23.39,West (225-315°),263.5,1400.0,3.9,True,5.80,4.03,02
366594,,23.39,West (225-315°),263.5,1400.0,3.9,True,5.80,4.03,02
366595,,23.39,West (225-315°),263.5,1400.0,3.9,True,5.80,4.03,02
366874,,23.39,West (225-315°),263.5,1400.0,3.9,True,5.80,4.03,02
366884,,23.39,West (225-315°),263.5,1400.0,3.9,True,5.80,4.03,00
367126,,1.51,West (225-315°),263.5,1400.0,0.3,True,1.47,1.02,04
367134,,1.51,West (225-315°),263.5,1400.0,0.3,True,1.47,1.02,04
367274,,23.39,West (225-315°),264.1,1400.0,3.9,True,5.80,4.03,00
367275,,23.39,West (225-315°),264.1,1400.0,3.9,True,5.80,4.03,00
367276,,23.39,West (225-315°),264.1,1400.0,3.9,True,5.80,4.03,00
367277,,23.39,West (225-315°),264.1,1400.0,3.9,True,5.80,4.03,02
367278,,23.39,West (225-315°),264.1,1400.0,3.9,True,5.80,4.03,02
367279,,23.39,West (225-315°),264.1,1400.0,3.9,True,5.80,4.03,02
367280,,23.39,West (225-315°),264.1,1400.0,3.9,True,5.80,4.03,02
367281,,23.39,West (225-315°),264.1,1400.0,3.9,True,5.80,4.03,00
367761,,543.15,North (315-45°),354.1,900.0,58.7,False,27.97,19.42,00
367842,,13.43,East (45-135°),84.1,1400.0,2.3,True,4.40,3.05,02
367843,,13.43,East (45-135°),84.1,1400.0,2.3,True,4.40,3.05,02
367844,,13.43,East (45-135°),84.1,1400.0,2.3,True,4.40,3.05,02
368995,,13.43,West (225-315°),264.1,1400.0,2.3,True,4.40,3.05,02
369015,,1.51,West (225-315°),264.1,1400.0,0.3,True,1.47,1.02,04
369224,,1.51,West (225-315°),263.5,1400.0,0.3,True,1.47,1.02,04
369225,,1.51,West (225-315°),263.5,1400.0,0.3,True,1.47,1.02,04
369235,,1.51,West (225-315°),263.5,1400.0,0.3,True,1.47,1.02,04
369236,,1.51,West (225-315°),263.5,1400.0,0.3,True,1.47,1.02,04
369246,,1.51,West (225-315°),263.5,1400.0,0.3,True,1.47,1.02,04
369247,,1.51,West (225-315°),263.5,1400.0,0.3,True,1.47,1.02,04
369332,,1.51,East (45-135°),84.1,1400.0,0.3,True,1.47,1.02,04
369333,,1.51,East (45-135°),84.1,1400.0,0.3,True,1.47,1.02,04
369460,,1.51,East (45-135°),84.1,1400.0,0.3,True,1.47,1.02,04
369461,,1.51,East (45-135°),84.1,1400.0,0.3,True,1.47,1.02,04
369471,,1.51,East (45-135°),84.1,1400.0,0.3,True,1.47,1.02,04
369472,,1.51,East (45-135°),84.1,1400.0,0.3,True,1.47,1.02,04
369482,,1.51,East (45-135°),84.1,1400.0,0.3,True,1.47,1.02,04
369483,,1.51,East (45-135°),84.1,1400.0,0.3,True,1.47,1.02,04
370300,,1.51,West (225-315°),264.1,1400.0,0.3,True,1.47,1.02,04
371062,,13.43,East (45-135°),84.1,1400.0,2.3,True,4.40,3.05,02
371063,,13.43,East (45-135°),84.1,1400.0,2.3,True,4.40,3.05,02
371064,,13.43,East (45-135°),84.1,1400.0,2.3,True,4.40,3.05,02
371165,,1.51,West (225-315°),264.1,1400.0,0.3,True,1.47,1.02,04
371166,,1.51,West (225-315°),264.1,1400.0,0.3,True,1.47,1.02,04
371176,,1.51,West (225-315°),264.1,1400.0,0.3,True,1.47,1.02,04
371177,,1.51,West (225-315°),264.1,1400.0,0.3,True,1.47,1.02,04
371187,,1.51,West (225-315°),264.1,1400.0,0.3,True,1.47,1.02,04
371188,,1.51,West (225-315°),264.1,1400.0,0.3,True,1.47,1.02,04
371196,,1.51,West (225-315°),264.1,1400.0,0.3,True,1.47,1.02,04
371197,,1.51,West (225-315°),264.1,1400.0,0.3,True,1.47,1.02,04
371205,,1.51,West (225-315°),264.1,1400.0,0.3,True,1.47,1.02,04
371206,,1.51,West (225-315°),264.1,1400.0,0.3,True,1.47,1.02,04
371216,,1.51,West (225-315°),264.1,1400.0,0.3,True,1.47,1.02,04
371217,,1.51,West (225-315°),264.1,1400.0,0.3,True,1.47,1.02,04
371250,,13.43,East (45-135°),84.1,1400.0,2.3,True,4.40,3.05,01
371251,,13.43,East (45-135°),84.1,1400.0,2.3,True,4.40,3.05,01
371252,,13.43,East (45-135°),84.1,1400.0,2.3,True,4.40,3.05,01
371253,,13.43,West (225-315°),264.1,1400.0,2.3,True,4.40,3.05,01
371254,,13.43,East (45-135°),84.1,1400.0,2.3,True,4.40,3.05,01
371255,,13.43,East (45-135°),84.1,1400.0,2.3,True,4.40,3.05,01
371256,,13.43,East (45-135°),84.1,1400.0,2.3,True,4.40,3.05,01
371268,,10.76,East (45-135°),84.1,1400.0,1.8,True,3.94,2.73,00
371269,,10.76,East (45-135°),84.1,1400.0,1.8,True,3.94,2.73,00
371270,,10.76,East (45-135°),84.1,1400.0,1.8,True,3.94,2.73,00
371271,,10.76,West (225-315°),264.1,1400.0,1.8,True,3.94,2.73,00
371272,,10.76,East (45-135°),84.1,1400.0,1.8,True,3.94,2.73,00
371273,,10.76,East (45-135°),84.1,1400.0,1.8,True,3.94,2.73,00
371274,,10.76,East (45-135°),84.1,1400.0,1.8,True,3.94,2.73,00
372079,,13.43,East (45-135°),84.1,1400.0,2.3,True,4.40,3.05,02
372080,,13.43,East (45-135°),84.1,1400.0,2.3,True,4.40,3.05,02
372081,,13.43,East (45-135°),84.1,1400.0,2.3,True,4.40,3.05,02
372082,,13.43,West (225-315°),264.1,1400.0,2.3,True,4.40,3.05,02
372083,,1.51,West (225-315°),264.1,1400.0,0.3,True,1.47,1.02,04
372084,,1.51,West (225-315°),264.1,1400.0,0.3,True,1.47,1.02,04
372085,,13.43,East (45-135°),84.1,1400.0,2.3,True,4.40,3.05,02
372086,,13.43,East (45-135°),84.1,1400.0,2.3,True,4.40,3.05,02
372087,,13.43,East (45-135°),84.1,1400.0,2.3,True,4.40,3.05,02
372088,,1.51,West (225-315°),264.1,1400.0,0.3,True,1.47,1.02,04
372089,,1.51,West (225-315°),264.1,1400.0,0.3,True,1.47,1.02,04
372090,,1.51,West (225-315°),264.1,1400.0,0.3,True,1.47,1.02,04
372091,,1.51,West (225-315°),264.1,1400.0,0.3,True,1.47,1.02,04
372092,,1.51,West (225-315°),264.1,1400.0,0.3,True,1.47,1.02,04
372093,,1.51,West (225-315°),264.1,1400.0,0.3,True,1.47,1.02,04
372094,,1.51,West (225-315°),264.1,1400.0,0.3,True,1.47,1.02,04
372095,,1.51,West (225-315°),264.1,1400.0,0.3,True,1.47,1.02,04
372096,,1.51,West (225-315°),264.1,1400.0,0.3,True,1.47,1.02,04
372097,,1.51,West (225-315°),264.1,1400.0,0.3,True,1.47,1.02,04
372098,,1.51,West (225-315°),264.1,1400.0,0.3,True,1.47,1.02,04
372099,,1.51,West (225-315°),264.1,1400.0,0.3,True,1.47,1.02,04
372100,,13.43,East (45-135°),84.1,1400.0,2.3,True,4.40,3.05,01
372101,,13.43,East (45-135°),84.1,1400.0,2.3,True,4.40,3.05,01
372102,,13.43,East (45-135°),84.1,1400.0,2.3,True,4.40,3.05,01
372103,,13.43,West (225-315°),264.1,1400.0,2.3,True,4.40,3.05,01
372104,,13.43,East (45-135°),84.1,1400.0,2.3,True,4.40,3.05,01
372105,,13.43,East (45-135°),84.1,1400.0,2.3,True,4.40,3.05,01
372107,,10.76,East (45-135°),84.1,1400.0,1.8,True,3.94,2.73,00
372108,,10.76,East (45-135°),84.1,1400.0,1.8,True,3.94,2.73,00
372109,,10.76,East (45-135°),84.1,1400.0,1.8,True,3.94,2.73,00
372110,,10.76,West (225-315°),264.1,1400.0,1.8,True,3.94,2.73,00
372111,,10.76,East (45-135°),84.1,1400.0,1.8,True,3.94,2.73,00
372112,,10.76,East (45-135°),84.1,1400.0,1.8,True,3.94,2.73,00
372278,,13.43,East (45-135°),84.1,1400.0,2.3,True,4.40,3.05,02
372279,,13.43,East (45-135°),84.1,1400.0,2.3,True,4.40,3.05,02
372280,,13.43,East (45-135°),84.1,1400.0,2.3,True,4.40,3.05,02
372281,,1.51,West (225-315°),264.1,1400.0,0.3,True,1.47,1.02,04
372282,,1.51,West (225-315°),264.1,1400.0,0.3,True,1.47,1.02,04
372283,,1.51,West (225-315°),264.1,1400.0,0.3,True,1.47,1.02,04
372284,,1.51,West (225-315°),264.1,1400.0,0.3,True,1.47,1.02,04
372285,,1.51,West (225-315°),264.1,1400.0,0.3,True,1.47,1.02,04
372286,,1.51,West (225-315°),264.1,1400.0,0.3,True,1.47,1.02,04
372287,,13.43,East (45-135°),84.1,1400.0,2.3,True,4.40,3.05,01
372288,,13.43,East (45-135°),84.1,1400.0,2.3,True,4.40,3.05,01
372289,,13.43,East (45-135°),84.1,1400.0,2.3,True,4.40,3.05,01
372290,,10.76,East (45-135°),84.1,1400.0,1.8,True,3.94,2.73,00
372291,,10.76,East (45-135°),84.1,1400.0,1.8,True,3.94,2.73,00
372292,,10.76,East (45-135°),84.1,1400.0,1.8,True,3.94,2.73,00
372735,,13.43,West (225-315°),264.1,1400.0,2.3,True,4.40,3.05,02
372749,,1.51,West (225-315°),264.1,1400.0,0.3,True,1.47,1.02,03
372842,,1.51,West (225-315°),264.1,1400.0,0.3,True,1.47,1.02,03
372872,,13.43,West (225-315°),264.1,1400.0,2.3,True,4.40,3.05,00
372873,,1.51,West (225-315°),264.1,1400.0,0.3,True,1.47,1.02,00
372874,,1.51,West (225-315°),264.1,1400.0,0.3,True,1.47,1.02,00
372887,,13.43,West (225-315°),264.1,1400.0,2.3,True,4.40,3.05,01
372888,,1.51,West (225-315°),264.1,1400.0,0.3,True,1.47,1.02,01
372889,,1.51,West (225-315°),264.1,1400.0,0.3,True,1.47,1.02,01
373014,,13.43,West (225-315°),264.1,1400.0,2.3,True,4.40,3.05,02
373015,,13.43,West (225-315°),264.1,1400.0,2.3,True,4.40,3.05,02
373016,,13.43,West (225-315°),264.1,1400.0,2.3,True,4.40,3.05,02
373017,,13.43,East (45-135°),84.1,1400.0,2.3,True,4.40,3.05,02
373018,,1.51,East (45-135°),84.1,1400.0,0.3,True,1.47,1.02,04
373019,,1.51,East (45-135°),84.1,1400.0,0.3,True,1.47,1.02,04
373020,,13.43,West (225-315°),264.1,1400.0,2.3,True,4.40,3.05,02
373021,,13.43,West (225-315°),264.1,1400.0,2.3,True,4.40,3.05,02
373022,,13.43,West (225-315°),264.1,1400.0,2.3,True,4.40,3.05,02
373023,,1.51,East (45-135°),84.1,1400.0,0.3,True,1.47,1.02,04
373024,,1.51,East (45-135°),84.1,1400.0,0.3,True,1.47,1.02,04
373025,,1.51,East (45-135°),84.1,1400.0,0.3,True,1.47,1.02,04
373026,,1.51,East (45-135°),84.1,1400.0,0.3,True,1.47,1.02,04
373027,,1.51,East (45-135°),84.1,1400.0,0.3,True,1.47,1.02,04
373028,,1.51,East (45-135°),84.1,1400.0,0.3,True,1.47,1.02,04
373029,,1.51,East (45-135°),84.1,1400.0,0.3,True,1.47,1.02,04
373030,,1.51,East (45-135°),84.1,1400.0,0.3,True,1.47,1.02,04
373031,,1.51,East (45-135°),84.1,1400.0,0.3,True,1.47,1.02,04
373032,,1.51,East (45-135°),84.1,1400.0,0.3,True,1.47,1.02,04
373033,,1.51,East (45-135°),84.1,1400.0,0.3,True,1.47,1.02,04
373034,,1.51,East (45-135°),84.1,1400.0,0.3,True,1.47,1.02,04
373035,,13.43,West (225-315°),264.1,1400.0,2.3,True,4.40,3.05,01
373036,,13.43,West (225-315°),264.1,1400.0,2.3,True,4.40,3.05,01
373037,,13.43,West (225-315°),264.1,1400.0,2.3,True,4.40,3.05,01
373038,,13.43,East (45-135°),84.1,1400.0,2.3,True,4.40,3.05,01
373039,,13.43,West (225-315°),264.1,1400.0,2.3,True,4.40,3.05,01
373040,,13.43,West (225-315°),264.1,1400.0,2.3,True,4.40,3.05,01
373041,,13.43,West (225-315°),264.1,1400.0,2.3,True,4.40,3.05,01
373042,,10.76,West (225-315°),264.1,1400.0,1.8,True,3.94,2.73,00
373043,,10.76,West (225-315°),264.1,1400.0,1.8,True,3.94,2.73,00
373044,,10.76,West (225-315°),264.1,1400.0,1.8,True,3.94,2.73,00
373045,,10.76,East (45-135°),84.1,1400.0,1.8,True,3.94,2.73,00
373046,,10.76,West (225-315°),264.1,1400.0,1.8,True,3.94,2.73,00
373047,,10.76,West (225-315°),264.1,1400.0,1.8,True,3.94,2.73,00
373048,,10.76,West (225-315°),264.1,1400.0,1.8,True,3.94,2.73,00
373049,,13.43,West (225-315°),264.1,1400.0,2.3,True,4.40,3.05,02
373050,,13.43,West (225-315°),264.1,1400.0,2.3,True,4.40,3.05,02
373051,,13.43,West (225-315°),264.1,1400.0,2.3,True,4.40,3.05,02
373052,,13.43,East (45-135°),84.1,1400.0,2.3,True,4.40,3.05,02
373053,,1.51,East (45-135°),84.1,1400.0,0.3,True,1.47,1.02,04
373054,,1.51,East (45-135°),84.1,1400.0,0.3,True,1.47,1.02,04
373055,,13.43,West (225-315°),264.1,1400.0,2.3,True,4.40,3.05,02
373056,,13.43,West (225-315°),264.1,1400.0,2.3,True,4.40,3.05,02
373057,,13.43,West (225-315°),264.1,1400.0,2.3,True,4.40,3.05,02
373058,,1.51,East (45-135°),84.1,1400.0,0.3,True,1.47,1.02,04
373059,,1.51,East (45-135°),84.1,1400.0,0.3,True,1.47,1.02,04
373060,,1.51,East (45-135°),84.1,1400.0,0.3,True,1.47,1.02,04
373061,,1.51,East (45-135°),84.1,1400.0,0.3,True,1.47,1.02,04
373062,,1.51,East (45-135°),84.1,1400.0,0.3,True,1.47,1.02,04
373063,,1.51,East (45-135°),84.1,1400.0,0.3,True,1.47,1.02,04
373064,,1.51,East (45-135°),84.1,1400.0,0.3,True,1.47,1.02,04
373065,,1.51,East (45-135°),84.1,1400.0,0.3,True,1.47,1.02,04
373066,,1.51,East (45-135°),84.1,1400.0,0.3,True,1.47,1.02,04
373067,,1.51,East (45-135°),84.1,1400.0,0.3,True,1.47,1.02,04
373068,,1.51,East (45-135°),84.1,1400.0,0.3,True,1.47,1.02,04
373069,,1.51,East (45-135°),84.1,1400.0,0.3,True,1.47,1.02,04
373070,,13.43,West (225-315°),264.1,1400.0,2.3,True,4.40,3.05,01
373071,,13.43,West (225-315°),264.1,1400.0,2.3,True,4.40,3.05,01
373072,,13.43,West (225-315°),264.1,1400.0,2.3,True,4.40,3.05,01
373073,,13.43,East (45-135°),84.1,1400.0,2.3,True,4.40,3.05,01
373074,,13.43,West (225-315°),264.1,1400.0,2.3,True,4.40,3.05,01
373075,,13.43,West (225-315°),264.1,1400.0,2.3,True,4.40,3.05,01
373076,,10.76,West (225-315°),264.1,1400.0,1.8,True,3.94,2.73,00
373077,,10.76,West (225-315°),264.1,1400.0,1.8,True,3.94,2.73,00
373078,,10.76,West (225-315°),264.1,1400.0,1.8,True,3.94,2.73,00
373079,,10.76,East (45-135°),84.1,1400.0,1.8,True,3.94,2.73,00
373080,,10.76,West (225-315°),264.1,1400.0,1.8,True,3.94,2.73,00
373081,,10.76,West (225-315°),264.1,1400.0,1.8,True,3.94,2.73,00
373082,,13.43,West (225-315°),263.6,1400.0,2.3,True,4.40,3.05,02
373083,,13.43,West (225-315°),263.6,1400.0,2.3,True,4.40,3.05,02
373084,,13.43,West (225-315°),263.6,1400.0,2.3,True,4.40,3.05,02
373085,,1.51,East (45-135°),83.6,1400.0,0.3,True,1.47,1.02,04
373086,,1.51,East (45-135°),83.6,1400.0,0.3,True,1.47,1.02,04
373087,,1.51,East (45-135°),83.6,1400.0,0.3,True,1.47,1.02,04
373088,,1.51,East (45-135°),83.6,1400.0,0.3,True,1.47,1.02,04
373089,,1.51,East (45-135°),83.6,1400.0,0.3,True,1.47,1.02,04
373090,,1.51,East (45-135°),83.6,1400.0,0.3,True,1.47,1.02,04
373091,,13.43,West (225-315°),263.6,1400.0,2.3,True,4.40,3.05,01
373092,,13.43,West (225-315°),263.6,1400.0,2.3,True,4.40,3.05,01
373093,,13.43,West (225-315°),263.6,1400.0,2.3,True,4.40,3.05,01
373094,,10.76,West (225-315°),263.6,1400.0,1.8,True,3.94,2.73,00
373095,,10.76,West (225-315°),263.6,1400.0,1.8,True,3.94,2.73,00
373096,,10.76,West (225-315°),263.6,1400.0,1.8,True,3.94,2.73,00
373101,,13.43,East (45-135°),84.1,1400.0,2.3,True,4.40,3.05,02
373102,,1.51,East (45-135°),84.1,1400.0,0.3,True,1.47,1.02,03
373103,,1.51,East (45-135°),84.1,1400.0,0.3,True,1.47,1.02,03
373104,,13.43,East (45-135°),84.1,1400.0,2.3,True,4.40,3.05,00
373105,,1.51,East (45-135°),84.1,1400.0,0.3,True,1.47,1.02,00
373106,,1.51,East (45-135°),84.1,1400.0,0.3,True,1.47,1.02,00
373107,,13.43,East (45-135°),84.1,1400.0,2.3,True,4.40,3.05,01
373108,,1.51,East (45-135°),84.1,1400.0,0.3,True,1.47,1.02,01
373109,,1.51,East (45-135°),84.1,1400.0,0.3,True,1.47,1.02,01
373489,,13.43,West (225-315°),264.1,1400.0,2.3,True,4.40,3.05,01
373490,,10.76,West (225-315°),264.1,1400.0,1.8,True,3.94,2.73,00
374306,,13.43,East (45-135°),84.1,1400.0,2.3,True,4.40,3.05,01
375328,,13.43,North (315-45°),354.1,900.0,1.5,False,4.40,3.05,03
375333,,1.51,South (135-225°),174.1,1800.0,0.3,True,1.47,1.02,04
375334,,1.51,South (135-225°),174.1,1800.0,0.3,True,1.47,1.02,04
375337,,13.43,North (315-45°),354.1,900.0,1.5,False,4.40,3.05,01
375340,,10.76,North (315-45°),354.1,900.0,1.2,False,3.94,2.73,00
375354,,13.43,North (315-45°),354.1,900.0,1.5,False,4.40,3.05,03
375355,,1.51,South (135-225°),174.1,1800.0,0.3,True,1.47,1.02,04
375356,,1.51,South (135-225°),174.1,1800.0,0.3,True,1.47,1.02,04
375357,,13.43,North (315-45°),354.1,900.0,1.5,False,4.40,3.05,01
375358,,10.76,North (315-45°),354.1,900.0,1.2,False,3.94,2.73,00
375370,,13.43,North (315-45°),354.1,900.0,1.5,False,4.40,3.05,03
375371,,1.51,South (135-225°),174.1,1800.0,0.3,True,1.47,1.02,04
375372,,1.51,South (135-225°),174.1,1800.0,0.3,True,1.47,1.02,04
375373,,13.43,North (315-45°),354.1,900.0,1.5,False,4.40,3.05,01
375374,,10.76,North (315-45°),354.1,900.0,1.2,False,3.94,2.73,00
377492,,13.43,South (135-225°),174.1,1800.0,2.9,True,4.40,3.05,04
377493,,1.51,North (315-45°),354.1,900.0,0.2,False,1.47,1.02,05
377494,,1.51,North (315-45°),354.1,900.0,0.2,False,1.47,1.02,05
377495,,13.43,South (135-225°),174.1,1800.0,2.9,True,4.40,3.05,02
377496,,10.76,South (135-225°),174.1,1800.0,2.3,True,3.94,2.73,01
377706,,13.43,South (135-225°),174.1,1800.0,2.9,True,4.40,3.05,03
377707,,1.51,North (315-45°),354.1,900.0,0.2,False,1.47,1.02,04
377708,,1.51,North (315-45°),354.1,900.0,0.2,False,1.47,1.02,04
377709,,13.43,South (135-225°),174.1,1800.0,2.9,True,4.40,3.05,02
377710,,10.76,South (135-225°),174.1,1800.0,2.3,True,3.94,2.73,01
377749,,13.43,South (135-225°),174.1,1800.0,2.9,True,4.40,3.05,03
377750,,1.51,North (315-45°),354.1,900.0,0.2,False,1.47,1.02,04
377751,,1.51,North (315-45°),354.1,900.0,0.2,False,1.47,1.02,04
377752,,13.43,South (135-225°),174.1,1800.0,2.9,True,4.40,3.05,02
377753,,10.76,South (135-225°),174.1,1800.0,2.3,True,3.94,2.73,01
377754,,13.43,South (135-225°),174.1,1800.0,2.9,True,4.40,3.05,03
377755,,1.51,North (315-45°),354.1,900.0,0.2,False,1.47,1.02,04
377756,,1.51,North (315-45°),354.1,900.0,0.2,False,1.47,1.02,04
377757,,13.43,South (135-225°),174.1,1800.0,2.9,True,4.40,3.05,02
377758,,10.76,South (135-225°),174.1,1800.0,2.3,True,3.94,2.73,01
377773,,13.43,South (135-225°),174.1,1800.0,2.9,True,4.40,3.05,03
377774,,1.51,North (315-45°),354.1,900.0,0.2,False,1.47,1.02,04
377775,,1.51,North (315-45°),354.1,900.0,0.2,False,1.47,1.02,04
377776,,13.43,South (135-225°),174.1,1800.0,2.9,True,4.40,3.05,02
377777,,10.76,South (135-225°),174.1,1800.0,2.3,True,3.94,2.73,01
377821,,13.43,South (135-225°),174.1,1800.0,2.9,True,4.40,3.05,04
377822,,1.51,North (315-45°),354.1,900.0,0.2,False,1.47,1.02,05
377823,,1.51,North (315-45°),354.1,900.0,0.2,False,1.47,1.02,05
377824,,13.43,South (135-225°),174.1,1800.0,2.9,True,4.40,3.05,02
377825,,10.76,South (135-225°),174.1,1800.0,2.3,True,3.94,2.73,01
377826,,13.43,South (135-225°),174.1,1800.0,2.9,True,4.40,3.05,03
377827,,1.51,North (315-45°),354.1,900.0,0.2,False,1.47,1.02,04
377828,,1.51,North (315-45°),354.1,900.0,0.2,False,1.47,1.02,04
377829,,13.43,South (135-225°),174.1,1800.0,2.9,True,4.40,3.05,02
377830,,10.76,South (135-225°),174.1,1800.0,2.3,True,3.94,2.73,01
377831,,13.43,South (135-225°),174.1,1800.0,2.9,True,4.40,3.05,03
377832,,1.51,North (315-45°),354.1,900.0,0.2,False,1.47,1.02,04
377833,,1.51,North (315-45°),354.1,900.0,0.2,False,1.47,1.02,04
377834,,13.43,South (135-225°),174.1,1800.0,2.9,True,4.40,3.05,02
377835,,10.76,South (135-225°),174.1,1800.0,2.3,True,3.94,2.73,01
377836,,13.43,South (135-225°),174.1,1800.0,2.9,True,4.40,3.05,03
377837,,1.51,North (315-45°),354.1,900.0,0.2,False,1.47,1.02,04
377838,,1.51,North (315-45°),354.1,900.0,0.2,False,1.47,1.02,04
377839,,13.43,South (135-225°),174.1,1800.0,2.9,True,4.40,3.05,02
377840,,10.76,South (135-225°),174.1,1800.0,2.3,True,3.94,2.73,01
377841,,13.43,South (135-225°),174.1,1800.0,2.9,True,4.40,3.05,03
377842,,1.51,North (315-45°),354.1,900.0,0.2,False,1.47,1.02,04
377843,,1.51,North (315-45°),354.1,900.0,0.2,False,1.47,1.02,04
377844,,13.43,South (135-225°),174.1,1800.0,2.9,True,4.40,3.05,02
377845,,10.76,South (135-225°),174.1,1800.0,2.3,True,3.94,2.73,01
378072,,13.43,North (315-45°),354.1,900.0,1.5,False,4.40,3.05,03
378073,,1.51,South (135-225°),174.1,1800.0,0.3,True,1.47,1.02,04
378074,,1.51,South (135-225°),174.1,1800.0,0.3,True,1.47,1.02,04
378075,,13.43,North (315-45°),354.1,900.0,1.5,False,4.40,3.05,02
378076,,10.76,North (315-45°),354.1,900.0,1.2,False,3.94,2.73,01
378077,,13.43,North (315-45°),354.1,900.0,1.5,False,4.40,3.05,03
378078,,1.51,South (135-225°),174.1,1800.0,0.3,True,1.47,1.02,04
378079,,1.51,South (135-225°),174.1,1800.0,0.3,True,1.47,1.02,04
378080,,13.43,North (315-45°),354.1,900.0,1.5,False,4.40,3.05,02
378081,,10.76,North (315-45°),354.1,900.0,1.2,False,3.94,2.73,01
378082,,13.43,North (315-45°),354.1,900.0,1.5,False,4.40,3.05,03
378083,,1.51,South (135-225°),174.1,1800.0,0.3,True,1.47,1.02,04
378084,,1.51,South (135-225°),174.1,1800.0,0.3,True,1.47,1.02,04
378085,,13.43,North (315-45°),354.1,900.0,1.5,False,4.40,3.05,02
378086,,10.76,North (315-45°),354.1,900.0,1.2,False,3.94,2.73,01
378087,,13.43,North (315-45°),354.1,900.0,1.5,False,4.40,3.05,03
378088,,1.51,South (135-225°),174.1,1800.0,0.3,True,1.47,1.02,04
378089,,1.51,South (135-225°),174.1,1800.0,0.3,True,1.47,1.02,04
378090,,13.43,North (315-45°),354.1,900.0,1.5,False,4.40,3.05,02
378091,,10.76,North (315-45°),354.1,900.0,1.2,False,3.94,2.73,01
378092,,13.43,North (315-45°),354.1,900.0,1.5,False,4.40,3.05,03
378093,,1.51,South (135-225°),174.1,1800.0,0.3,True,1.47,1.02,04
378094,,1.51,South (135-225°),174.1,1800.0,0.3,True,1.47,1.02,04
378095,,13.43,North (315-45°),354.1,900.0,1.5,False,4.40,3.05,02
378096,,10.76,North (315-45°),354.1,900.0,1.2,False,3.94,2.73,01
378097,,13.43,North (315-45°),354.1,900.0,1.5,False,4.40,3.05,03
378098,,1.51,South (135-225°),174.1,1800.0,0.3,True,1.47,1.02,04
378099,,1.51,South (135-225°),174.1,1800.0,0.3,True,1.47,1.02,04
378100,,13.43,North (315-45°),354.1,900.0,1.5,False,4.40,3.05,02
378101,,10.76,North (315-45°),354.1,900.0,1.2,False,3.94,2.73,01
378102,,13.43,North (315-45°),354.1,900.0,1.5,False,4.40,3.05,03
378103,,1.51,South (135-225°),174.1,1800.0,0.3,True,1.47,1.02,04
378104,,1.51,South (135-225°),174.1,1800.0,0.3,True,1.47,1.02,04
378105,,13.43,North (315-45°),354.1,900.0,1.5,False,4.40,3.05,02
378106,,10.76,North (315-45°),354.1,900.0,1.2,False,3.94,2.73,01
378107,,13.43,North (315-45°),354.1,900.0,1.5,False,4.40,3.05,03
378108,,1.51,South (135-225°),174.1,1800.0,0.3,True,1.47,1.02,04
378109,,1.51,South (135-225°),174.1,1800.0,0.3,True,1.47,1.02,04
378110,,13.43,North (315-45°),354.1,900.0,1.5,False,4.40,3.05,02
378111,,10.76,North (315-45°),354.1,900.0,1.2,False,3.94,2.73,01
378112,,13.43,North (315-45°),354.1,900.0,1.5,False,4.40,3.05,03
378113,,1.51,South (135-225°),174.1,1800.0,0.3,True,1.47,1.02,04
378114,,1.51,South (135-225°),174.1,1800.0,0.3,True,1.47,1.02,04
378115,,13.43,North (315-45°),354.1,900.0,1.5,False,4.40,3.05,02
378116,,10.76,North (315-45°),354.1,900.0,1.2,False,3.94,2.73,01
378117,,13.43,North (315-45°),354.1,900.0,1.5,False,4.40,3.05,03
378118,,1.51,South (135-225°),174.1,1800.0,0.3,True,1.47,1.02,04
378119,,1.51,South (135-225°),174.1,1800.0,0.3,True,1.47,1.02,04
378120,,13.43,North (315-45°),354.1,900.0,1.5,False,4.40,3.05,02
378121,,10.76,North (315-45°),354.1,900.0,1.2,False,3.94,2.73,01
378216,,13.43,West (225-315°),264.1,1400.0,2.3,True,4.40,3.05,03
378217,,1.51,East (45-135°),84.1,1400.0,0.3,True,1.47,1.02,04
378218,,1.51,East (45-135°),84.1,1400.0,0.3,True,1.47,1.02,04
378219,,13.43,West (225-315°),264.1,1400.0,2.3,True,4.40,3.05,02
378220,,10.76,West (225-315°),264.1,1400.0,1.8,True,3.94,2.73,01
378221,,13.43,West (225-315°),264.1,1400.0,2.3,True,4.40,3.05,03
378222,,1.51,East (45-135°),84.1,1400.0,0.3,True,1.47,1.02,04
378223,,1.51,East (45-135°),84.1,1400.0,0.3,True,1.47,1.02,04
378224,,13.43,West (225-315°),264.1,1400.0,2.3,True,4.40,3.05,02
378225,,10.76,West (225-315°),264.1,1400.0,1.8,True,3.94,2.73,01
378226,,13.43,West (225-315°),264.1,1400.0,2.3,True,4.40,3.05,03
378227,,1.51,East (45-135°),84.1,1400.0,0.3,True,1.47,1.02,04
378228,,1.51,East (45-135°),84.1,1400.0,0.3,True,1.47,1.02,04
378229,,13.43,West (225-315°),264.1,1400.0,2.3,True,4.40,3.05,02
378230,,10.76,West (225-315°),264.1,1400.0,1.8,True,3.94,2.73,01
378231,,13.43,West (225-315°),264.1,1400.0,2.3,True,4.40,3.05,03
378232,,1.51,East (45-135°),84.1,1400.0,0.3,True,1.47,1.02,04
378233,,1.51,East (45-135°),84.1,1400.0,0.3,True,1.47,1.02,04
378234,,13.43,West (225-315°),264.1,1400.0,2.3,True,4.40,3.05,02
378235,,10.76,West (225-315°),264.1,1400.0,1.8,True,3.94,2.73,01
378236,,13.43,West (225-315°),264.1,1400.0,2.3,True,4.40,3.05,03
378237,,1.51,East (45-135°),84.1,1400.0,0.3,True,1.47,1.02,04
378238,,1.51,East (45-135°),84.1,1400.0,0.3,True,1.47,1.02,04
378239,,13.43,West (225-315°),264.1,1400.0,2.3,True,4.40,3.05,02
378240,,10.76,West (225-315°),264.1,1400.0,1.8,True,3.94,2.73,01
378311,,13.43,East (45-135°),84.1,1400.0,2.3,True,4.40,3.05,03
378312,,1.51,West (225-315°),264.1,1400.0,0.3,True,1.47,1.02,04
378313,,1.51,West (225-315°),264.1,1400.0,0.3,True,1.47,1.02,04
378314,,13.43,East (45-135°),84.1,1400.0,2.3,True,4.40,3.05,02
378315,,10.76,East (45-135°),84.1,1400.0,1.8,True,3.94,2.73,01
378316,,13.43,East (45-135°),84.1,1400.0,2.3,True,4.40,3.05,03
378317,,1.51,West (225-315°),264.1,1400.0,0.3,True,1.47,1.02,04
378318,,1.51,West (225-315°),264.1,1400.0,0.3,True,1.47,1.02,04
378319,,13.43,East (45-135°),84.1,1400.0,2.3,True,4.40,3.05,02
378320,,10.76,East (45-135°),84.1,1400.0,1.8,True,3.94,2.73,01
378321,,13.43,East (45-135°),84.1,1400.0,2.3,True,4.40,3.05,03
378322,,1.51,West (225-315°),264.1,1400.0,0.3,True,1.47,1.02,04
378323,,1.51,West (225-315°),264.1,1400.0,0.3,True,1.47,1.02,04
378324,,13.43,East (45-135°),84.1,1400.0,2.3,True,4.40,3.05,02
378325,,10.76,East (45-135°),84.1,1400.0,1.8,True,3.94,2.73,01
378326,,13.43,East (45-135°),84.1,1400.0,2.3,True,4.40,3.05,03
378327,,1.51,West (225-315°),264.1,1400.0,0.3,True,1.47,1.02,04
378328,,1.51,West (225-315°),264.1,1400.0,0.3,True,1.47,1.02,04
378329,,13.43,East (45-135°),84.1,1400.0,2.3,True,4.40,3.05,02
378330,,10.76,East (45-135°),84.1,1400.0,1.8,True,3.94,2.73,01
378331,,13.43,East (45-135°),84.1,1400.0,2.3,True,4.40,3.05,03
378332,,1.51,West (225-315°),264.1,1400.0,0.3,True,1.47,1.02,04
378333,,1.51,West (225-315°),264.1,1400.0,0.3,True,1.47,1.02,04
378334,,13.43,East (45-135°),84.1,1400.0,2.3,True,4.40,3.05,02
378335,,10.76,East (45-135°),84.1,1400.0,1.8,True,3.94,2.73,01
378424,,13.43,West (225-315°),264.1,1400.0,2.3,True,4.40,3.05,03
378425,,1.51,East (45-135°),84.1,1400.0,0.3,True,1.47,1.02,04
378426,,1.51,East (45-135°),84.1,1400.0,0.3,True,1.47,1.02,04
378427,,13.43,West (225-315°),264.1,1400.0,2.3,True,4.40,3.05,02
378428,,10.76,West (225-315°),264.1,1400.0,1.8,True,3.94,2.73,01
378429,,13.43,West (225-315°),264.1,1400.0,2.3,True,4.40,3.05,03
378430,,1.51,East (45-135°),84.1,1400.0,0.3,True,1.47,1.02,04
378431,,1.51,East (45-135°),84.1,1400.0,0.3,True,1.47,1.02,04
378432,,13.43,West (225-315°),264.1,1400.0,2.3,True,4.40,3.05,02
378433,,10.76,West (225-315°),264.1,1400.0,1.8,True,3.94,2.73,01
378434,,13.43,West (225-315°),264.1,1400.0,2.3,True,4.40,3.05,03
378435,,1.51,East (45-135°),84.1,1400.0,0.3,True,1.47,1.02,04
378436,,1.51,East (45-135°),84.1,1400.0,0.3,True,1.47,1.02,04
378437,,13.43,West (225-315°),264.1,1400.0,2.3,True,4.40,3.05,02
378438,,10.76,West (225-315°),264.1,1400.0,1.8,True,3.94,2.73,01
378439,,13.43,West (225-315°),264.1,1400.0,2.3,True,4.40,3.05,03
378440,,1.51,East (45-135°),84.1,1400.0,0.3,True,1.47,1.02,04
378441,,1.51,East (45-135°),84.1,1400.0,0.3,True,1.47,1.02,04
378442,,13.43,West (225-315°),264.1,1400.0,2.3,True,4.40,3.05,02
378443,,10.76,West (225-315°),264.1,1400.0,1.8,True,3.94,2.73,01
378444,,13.43,West (225-315°),264.1,1400.0,2.3,True,4.40,3.05,03
378445,,1.51,East (45-135°),84.1,1400.0,0.3,True,1.47,1.02,04
378446,,1.51,East (45-135°),84.1,1400.0,0.3,True,1.47,1.02,04
378447,,13.43,West (225-315°),264.1,1400.0,2.3,True,4.40,3.05,02
378448,,10.76,West (225-315°),264.1,1400.0,1.8,True,3.94,2.73,01
378507,,13.43,East (45-135°),84.1,1400.0,2.3,True,4.40,3.05,03
378508,,1.51,West (225-315°),264.1,1400.0,0.3,True,1.47,1.02,04
378509,,1.51,West (225-315°),264.1,1400.0,0.3,True,1.47,1.02,04
378510,,13.43,East (45-135°),84.1,1400.0,2.3,True,4.40,3.05,02
378511,,10.76,East (45-135°),84.1,1400.0,1.8,True,3.94,2.73,01
378512,,13.43,East (45-135°),84.1,1400.0,2.3,True,4.40,3.05,03
378513,,1.51,West (225-315°),264.1,1400.0,0.3,True,1.47,1.02,04
378514,,1.51,West (225-315°),264.1,1400.0,0.3,True,1.47,1.02,04
378515,,13.43,East (45-135°),84.1,1400.0,2.3,True,4.40,3.05,02
378516,,10.76,East (45-135°),84.1,1400.0,1.8,True,3.94,2.73,01
378517,,13.43,East (45-135°),84.1,1400.0,2.3,True,4.40,3.05,03
378518,,1.51,West (225-315°),264.1,1400.0,0.3,True,1.47,1.02,04
378519,,1.51,West (225-315°),264.1,1400.0,0.3,True,1.47,1.02,04
378520,,13.43,East (45-135°),84.1,1400.0,2.3,True,4.40,3.05,02
378521,,10.76,East (45-135°),84.1,1400.0,1.8,True,3.94,2.73,01
378522,,13.43,East (45-135°),84.1,1400.0,2.3,True,4.40,3.05,03
378523,,1.51,West (225-315°),264.1,1400.0,0.3,True,1.47,1.02,04
378524,,1.51,West (225-315°),264.1,1400.0,0.3,True,1.47,1.02,04
378525,,13.43,East (45-135°),84.1,1400.0,2.3,True,4.40,3.05,02
378526,,10.76,East (45-135°),84.1,1400.0,1.8,True,3.94,2.73,01
378527,,13.43,East (45-135°),84.1,1400.0,2.3,True,4.40,3.05,03
378528,,1.51,West (225-315°),264.1,1400.0,0.3,True,1.47,1.02,04
378529,,1.51,West (225-315°),264.1,1400.0,0.3,True,1.47,1.02,04
378530,,13.43,East (45-135°),84.1,1400.0,2.3,True,4.40,3.05,02
378531,,10.76,East (45-135°),84.1,1400.0,1.8,True,3.94,2.73,01
383539,,13.43,East (45-135°),84.1,1400.0,2.3,True,4.40,3.05,03
383540,,1.51,West (225-315°),264.1,1400.0,0.3,True,1.47,1.02,04
383541,,1.51,West (225-315°),264.1,1400.0,0.3,True,1.47,1.02,04
383542,,13.43,East (45-135°),84.1,1400.0,2.3,True,4.40,3.05,02
383543,,10.76,East (45-135°),84.1,1400.0,1.8,True,3.94,2.73,01
383544,,13.43,East (45-135°),84.1,1400.0,2.3,True,4.40,3.05,03
383545,,1.51,West (225-315°),264.1,1400.0,0.3,True,1.47,1.02,04
383546,,1.51,West (225-315°),264.1,1400.0,0.3,True,1.47,1.02,04
383547,,13.43,East (45-135°),84.1,1400.0,2.3,True,4.40,3.05,02
383548,,10.76,East (45-135°),84.1,1400.0,1.8,True,3.94,2.73,01
383549,,13.43,East (45-135°),84.1,1400.0,2.3,True,4.40,3.05,03
383550,,1.51,West (225-315°),264.1,1400.0,0.3,True,1.47,1.02,04
383551,,1.51,West (225-315°),264.1,1400.0,0.3,True,1.47,1.02,04
383552,,13.43,East (45-135°),84.1,1400.0,2.3,True,4.40,3.05,02
383553,,10.76,East (45-135°),84.1,1400.0,1.8,True,3.94,2.73,01
383554,,13.43,East (45-135°),84.1,1400.0,2.3,True,4.40,3.05,03
383555,,1.51,West (225-315°),264.1,1400.0,0.3,True,1.47,1.02,04
383556,,1.51,West (225-315°),264.1,1400.0,0.3,True,1.47,1.02,04
383557,,13.43,East (45-135°),84.1,1400.0,2.3,True,4.40,3.05,02
383558,,10.76,East (45-135°),84.1,1400.0,1.8,True,3.94,2.73,01
383559,,13.43,East (45-135°),84.1,1400.0,2.3,True,4.40,3.05,03
383560,,1.51,West (225-315°),264.1,1400.0,0.3,True,1.47,1.02,04
383561,,1.51,West (225-315°),264.1,1400.0,0.3,True,1.47,1.02,04
383562,,13.43,East (45-135°),84.1,1400.0,2.3,True,4.40,3.05,02
383563,,10.76,East (45-135°),84.1,1400.0,1.8,True,3.94,2.73,01
383604,,13.43,West (225-315°),264.1,1400.0,2.3,True,4.40,3.05,03
383605,,1.51,East (45-135°),84.1,1400.0,0.3,True,1.47,1.02,04
383606,,1.51,East (45-135°),84.1,1400.0,0.3,True,1.47,1.02,04
383607,,13.43,West (225-315°),264.1,1400.0,2.3,True,4.40,3.05,02
383608,,10.76,West (225-315°),264.1,1400.0,1.8,True,3.94,2.73,01
383609,,13.43,West (225-315°),264.1,1400.0,2.3,True,4.40,3.05,03
383610,,1.51,East (45-135°),84.1,1400.0,0.3,True,1.47,1.02,04
383611,,1.51,East (45-135°),84.1,1400.0,0.3,True,1.47,1.02,04
383612,,13.43,West (225-315°),264.1,1400.0,2.3,True,4.40,3.05,02
383613,,10.76,West (225-315°),264.1,1400.0,1.8,True,3.94,2.73,01
383614,,13.43,West (225-315°),264.1,1400.0,2.3,True,4.40,3.05,03
383615,,1.51,East (45-135°),84.1,1400.0,0.3,True,1.47,1.02,04
383616,,1.51,East (45-135°),84.1,1400.0,0.3,True,1.47,1.02,04
383617,,13.43,West (225-315°),264.1,1400.0,2.3,True,4.40,3.05,02
383618,,10.76,West (225-315°),264.1,1400.0,1.8,True,3.94,2.73,01
383619,,13.43,West (225-315°),264.1,1400.0,2.3,True,4.40,3.05,03
383620,,1.51,East (45-135°),84.1,1400.0,0.3,True,1.47,1.02,04
383621,,1.51,East (45-135°),84.1,1400.0,0.3,True,1.47,1.02,04
383622,,13.43,West (225-315°),264.1,1400.0,2.3,True,4.40,3.05,02
383623,,10.76,West (225-315°),264.1,1400.0,1.8,True,3.94,2.73,01
383624,,13.43,West (225-315°),264.1,1400.0,2.3,True,4.40,3.05,03
383625,,1.51,East (45-135°),84.1,1400.0,0.3,True,1.47,1.02,04
383626,,1.51,East (45-135°),84.1,1400.0,0.3,True,1.47,1.02,04
383627,,13.43,West (225-315°),264.1,1400.0,2.3,True,4.40,3.05,02
383628,,10.76,West (225-315°),264.1,1400.0,1.8,True,3.94,2.73,01
383684,,10.68,South (135-225°),174.1,1800.0,2.3,True,3.92,2.72,04
383685,,10.68,South (135-225°),174.1,1800.0,2.3,True,3.92,2.72,04
383686,,16.22,South (135-225°),174.1,1800.0,3.5,True,4.83,3.36,04
383687,,16.22,South (135-225°),174.1,1800.0,3.5,True,4.83,3.36,04
383688,,16.22,South (135-225°),174.1,1800.0,3.5,True,4.83,3.36,04
383689,,16.22,South (135-225°),174.1,1800.0,3.5,True,4.83,3.36,04
383690,,16.22,South (135-225°),174.1,1800.0,3.5,True,4.83,3.36,04
383691,,16.22,South (135-225°),174.1,1800.0,3.5,True,4.83,3.36,04
383692,,16.22,South (135-225°),174.1,1800.0,3.5,True,4.83,3.36,04
383779,,10.68,South (135-225°),174.1,1800.0,2.3,True,3.92,2.72,03
383780,,10.68,South (135-225°),174.1,1800.0,2.3,True,3.92,2.72,03
383781,,16.22,South (135-225°),174.1,1800.0,3.5,True,4.83,3.36,03
383782,,16.22,South (135-225°),174.1,1800.0,3.5,True,4.83,3.36,03
383783,,16.22,South (135-225°),174.1,1800.0,3.5,True,4.83,3.36,03
383784,,16.22,South (135-225°),174.1,1800.0,3.5,True,4.83,3.36,03
383785,,16.22,South (135-225°),174.1,1800.0,3.5,True,4.83,3.36,03
383786,,16.22,South (135-225°),174.1,1800.0,3.5,True,4.83,3.36,03
383787,,16.22,South (135-225°),174.1,1800.0,3.5,True,4.83,3.36,03
383797,,10.68,South (135-225°),174.1,1800.0,2.3,True,3.92,2.72,02
383798,,10.68,South (135-225°),174.1,1800.0,2.3,True,3.92,2.72,02
383799,,16.22,South (135-225°),174.1,1800.0,3.5,True,4.83,3.36,02
383800,,16.22,South (135-225°),174.1,1800.0,3.5,True,4.83,3.36,02
383801,,16.22,South (135-225°),174.1,1800.0,3.5,True,4.83,3.36,02
383802,,16.22,South (135-225°),174.1,1800.0,3.5,True,4.83,3.36,02
383803,,16.22,South (135-225°),174.1,1800.0,3.5,True,4.83,3.36,02
383804,,16.22,South (135-225°),174.1,1800.0,3.5,True,4.83,3.36,02
383805,,16.22,South (135-225°),174.1,1800.0,3.5,True,4.83,3.36,02
383875,,10.68,South (135-225°),174.1,1800.0,2.3,True,3.92,2.72,02
383876,,10.68,South (135-225°),174.1,1800.0,2.3,True,3.92,2.72,02
383877,,16.22,South (135-225°),174.1,1800.0,3.5,True,4.83,3.36,02
383878,,16.22,South (135-225°),174.1,1800.0,3.5,True,4.83,3.36,02
383879,,16.22,South (135-225°),174.1,1800.0,3.5,True,4.83,3.36,02
383880,,16.22,South (135-225°),174.1,1800.0,3.5,True,4.83,3.36,02
383881,,16.22,South (135-225°),174.1,1800.0,3.5,True,4.83,3.36,02
383882,,16.22,South (135-225°),174.1,1800.0,3.5,True,4.83,3.36,02
383883,,16.22,South (135-225°),174.1,1800.0,3.5,True,4.83,3.36,02
383884,,10.68,South (135-225°),174.1,1800.0,2.3,True,3.92,2.72,01
383885,,10.68,South (135-225°),174.1,1800.0,2.3,True,3.92,2.72,01
383886,,16.22,South (135-225°),174.1,1800.0,3.5,True,4.83,3.36,01
383887,,16.22,South (135-225°),174.1,1800.0,3.5,True,4.83,3.36,01
383888,,16.22,South (135-225°),174.1,1800.0,3.5,True,4.83,3.36,01
383889,,16.22,South (135-225°),174.1,1800.0,3.5,True,4.83,3.36,01
383890,,16.22,South (135-225°),174.1,1800.0,3.5,True,4.83,3.36,01
383891,,16.22,South (135-225°),174.1,1800.0,3.5,True,4.83,3.36,01
383892,,16.22,South (135-225°),174.1,1800.0,3.5,True,4.83,3.36,01
383893,,10.68,South (135-225°),174.1,1800.0,2.3,True,3.92,2.72,00
383894,,10.68,South (135-225°),174.1,1800.0,2.3,True,3.92,2.72,00
383895,,16.22,South (135-225°),174.1,1800.0,3.5,True,4.83,3.36,00
383896,,16.22,South (135-225°),174.1,1800.0,3.5,True,4.83,3.36,00
383897,,16.22,South (135-225°),174.1,1800.0,3.5,True,4.83,3.36,00
383898,,16.22,South (135-225°),174.1,1800.0,3.5,True,4.83,3.36,00
383899,,16.22,South (135-225°),174.1,1800.0,3.5,True,4.83,3.36,00
383900,,16.22,South (135-225°),174.1,1800.0,3.5,True,4.83,3.36,00
383901,,16.22,South (135-225°),174.1,1800.0,3.5,True,4.83,3.36,00
383924,,13.43,North (315-45°),354.1,900.0,1.5,False,4.40,3.05,03
383925,,1.51,South (135-225°),174.1,1800.0,0.3,True,1.47,1.02,04
383926,,1.51,South (135-225°),174.1,1800.0,0.3,True,1.47,1.02,04
383927,,13.43,North (315-45°),354.1,900.0,1.5,False,4.40,3.05,01
383928,,10.76,North (315-45°),354.1,900.0,1.2,False,3.94,2.73,00
384220,,13.43,North (315-45°),354.1,900.0,1.5,False,4.40,3.05,03
384221,,1.51,South (135-225°),174.1,1800.0,0.3,True,1.47,1.02,04
384222,,1.51,South (135-225°),174.1,1800.0,0.3,True,1.47,1.02,04
384223,,13.43,North (315-45°),354.1,900.0,1.5,False,4.40,3.05,01
384224,,10.76,North (315-45°),354.1,900.0,1.2,False,3.94,2.73,00
384246,,13.43,North (315-45°),354.1,900.0,1.5,False,4.40,3.05,03
384247,,1.51,South (135-225°),174.1,1800.0,0.3,True,1.47,1.02,04
384248,,1.51,South (135-225°),174.1,1800.0,0.3,True,1.47,1.02,04
384249,,13.43,North (315-45°),354.1,900.0,1.5,False,4.40,3.05,01
384250,,10.76,North (315-45°),354.1,900.0,1.2,False,3.94,2.73,00
384257,,13.43,North (315-45°),354.1,900.0,1.5,False,4.40,3.05,03
384258,,1.51,South (135-225°),174.1,1800.0,0.3,True,1.47,1.02,04
384259,,1.51,South (135-225°),174.1,1800.0,0.3,True,1.47,1.02,04
384260,,13.43,North (315-45°),354.1,900.0,1.5,False,4.40,3.05,01
384261,,10.76,North (315-45°),354.1,900.0,1.2,False,3.94,2.73,00
384268,,13.43,North (315-45°),354.1,900.0,1.5,False,4.40,3.05,03
384269,,1.51,South (135-225°),174.1,1800.0,0.3,True,1.47,1.02,04
384270,,1.51,South (135-225°),174.1,1800.0,0.3,True,1.47,1.02,04
384271,,13.43,North (315-45°),354.1,900.0,1.5,False,4.40,3.05,01
384272,,10.76,North (315-45°),354.1,900.0,1.2,False,3.94,2.73,00
384279,,13.43,North (315-45°),354.1,900.0,1.5,False,4.40,3.05,03
384280,,1.51,South (135-225°),174.1,1800.0,0.3,True,1.47,1.02,04
384281,,1.51,South (135-225°),174.1,1800.0,0.3,True,1.47,1.02,04
384282,,13.43,North (315-45°),354.1,900.0,1.5,False,4.40,3.05,01
384283,,10.76,North (315-45°),354.1,900.0,1.2,False,3.94,2.73,00
384290,,13.43,North (315-45°),354.1,900.0,1.5,False,4.40,3.05,03
384291,,1.51,South (135-225°),174.1,1800.0,0.3,True,1.47,1.02,04
384292,,1.51,South (135-225°),174.1,1800.0,0.3,True,1.47,1.02,04
384293,,13.43,North (315-45°),354.1,900.0,1.5,False,4.40,3.05,01
384294,,10.76,North (315-45°),354.1,900.0,1.2,False,3.94,2.73,00
384301,,13.43,North (315-45°),354.1,900.0,1.5,False,4.40,3.05,03
384302,,1.51,South (135-225°),174.1,1800.0,0.3,True,1.47,1.02,04
384303,,1.51,South (135-225°),174.1,1800.0,0.3,True,1.47,1.02,04
384304,,13.43,North (315-45°),354.1,900.0,1.5,False,4.40,3.05,01
384305,,10.76,North (315-45°),354.1,900.0,1.2,False,3.94,2.73,00
384312,,13.43,North (315-45°),354.1,900.0,1.5,False,4.40,3.05,03
384313,,1.51,South (135-225°),174.1,1800.0,0.3,True,1.47,1.02,04
384314,,1.51,South (135-225°),174.1,1800.0,0.3,True,1.47,1.02,04
384315,,13.43,North (315-45°),354.1,900.0,1.5,False,4.40,3.05,01
384316,,10.76,North (315-45°),354.1,900.0,1.2,False,3.94,2.73,00
384323,,13.43,North (315-45°),354.1,900.0,1.5,False,4.40,3.05,03
384324,,1.51,South (135-225°),174.1,1800.0,0.3,True,1.47,1.02,04
384325,,1.51,South (135-225°),174.1,1800.0,0.3,True,1.47,1.02,04
384326,,13.43,North (315-45°),354.1,900.0,1.5,False,4.40,3.05,01
384327,,10.76,North (315-45°),354.1,900.0,1.2,False,3.94,2.73,00
384334,,13.43,North (315-45°),354.1,900.0,1.5,False,4.40,3.05,03
384335,,1.51,South (135-225°),174.1,1800.0,0.3,True,1.47,1.02,04
384336,,1.51,South (135-225°),174.1,1800.0,0.3,True,1.47,1.02,04
384337,,13.43,North (315-45°),354.1,900.0,1.5,False,4.40,3.05,01
384338,,10.76,North (315-45°),354.1,900.0,1.2,False,3.94,2.73,00
384345,,13.43,North (315-45°),354.1,900.0,1.5,False,4.40,3.05,03
384346,,1.51,South (135-225°),174.1,1800.0,0.3,True,1.47,1.02,04
384347,,1.51,South (135-225°),174.1,1800.0,0.3,True,1.47,1.02,04
384348,,13.43,North (315-45°),354.1,900.0,1.5,False,4.40,3.05,01
384349,,10.76,North (315-45°),354.1,900.0,1.2,False,3.94,2.73,00
384356,,13.43,North (315-45°),354.1,900.0,1.5,False,4.40,3.05,03
384357,,1.51,South (135-225°),174.1,1800.0,0.3,True,1.47,1.02,04
384358,,1.51,South (135-225°),174.1,1800.0,0.3,True,1.47,1.02,04
384359,,13.43,North (315-45°),354.1,900.0,1.5,False,4.40,3.05,01
384360,,10.76,North (315-45°),354.1,900.0,1.2,False,3.94,2.73,00
384367,,13.43,North (315-45°),354.1,900.0,1.5,False,4.40,3.05,03
384368,,1.51,South (135-225°),174.1,1800.0,0.3,True,1.47,1.02,04
384369,,1.51,South (135-225°),174.1,1800.0,0.3,True,1.47,1.02,04
384370,,13.43,North (315-45°),354.1,900.0,1.5,False,4.40,3.05,01
384371,,10.76,North (315-45°),354.1,900.0,1.2,False,3.94,2.73,00
384378,,13.43,North (315-45°),354.1,900.0,1.5,False,4.40,3.05,03
384379,,1.51,South (135-225°),174.1,1800.0,0.3,True,1.47,1.02,04
384380,,1.51,South (135-225°),174.1,1800.0,0.3,True,1.47,1.02,04
384381,,13.43,North (315-45°),354.1,900.0,1.5,False,4.40,3.05,01
384382,,10.76,North (315-45°),354.1,900.0,1.2,False,3.94,2.73,00
384535,,13.43,North (315-45°),353.6,900.0,1.5,False,4.40,3.05,03
384536,,1.51,South (135-225°),173.6,1800.0,0.3,True,1.47,1.02,04
384537,,1.51,South (135-225°),173.6,1800.0,0.3,True,1.47,1.02,04
384538,,13.43,North (315-45°),353.6,900.0,1.5,False,4.40,3.05,01
384539,,10.76,North (315-45°),353.6,900.0,1.2,False,3.94,2.73,00
384540,,13.43,North (315-45°),353.6,900.0,1.5,False,4.40,3.05,03
384541,,1.51,South (135-225°),173.6,1800.0,0.3,True,1.47,1.02,04
384542,,1.51,South (135-225°),173.6,1800.0,0.3,True,1.47,1.02,04
384543,,13.43,North (315-45°),353.6,900.0,1.5,False,4.40,3.05,01
384544,,10.76,North (315-45°),353.6,900.0,1.2,False,3.94,2.73,00
384545,,13.43,North (315-45°),353.6,900.0,1.5,False,4.40,3.05,03
384546,,1.51,South (135-225°),173.6,1800.0,0.3,True,1.47,1.02,04
384547,,1.51,South (135-225°),173.6,1800.0,0.3,True,1.47,1.02,04
384548,,13.43,North (315-45°),353.6,900.0,1.5,False,4.40,3.05,01
384549,,10.76,North (315-45°),353.6,900.0,1.2,False,3.94,2.73,00
384550,,13.43,North (315-45°),353.6,900.0,1.5,False,4.40,3.05,03
384551,,1.51,South (135-225°),173.6,1800.0,0.3,True,1.47,1.02,04
384552,,1.51,South (135-225°),173.6,1800.0,0.3,True,1.47,1.02,04
384553,,13.43,North (315-45°),353.6,900.0,1.5,False,4.40,3.05,01
384554,,10.76,North (315-45°),353.6,900.0,1.2,False,3.94,2.73,00
384555,,13.43,North (315-45°),353.6,900.0,1.5,False,4.40,3.05,03
384556,,1.51,South (135-225°),173.6,1800.0,0.3,True,1.47,1.02,04
384557,,1.51,South (135-225°),173.6,1800.0,0.3,True,1.47,1.02,04
384558,,13.43,North (315-45°),353.6,900.0,1.5,False,4.40,3.05,01
384559,,10.76,North (315-45°),353.6,900.0,1.2,False,3.94,2.73,00
384560,,13.43,North (315-45°),353.6,900.0,1.5,False,4.40,3.05,03
384561,,1.51,South (135-225°),173.6,1800.0,0.3,True,1.47,1.02,04
384562,,1.51,South (135-225°),173.6,1800.0,0.3,True,1.47,1.02,04
384563,,13.43,North (315-45°),353.6,900.0,1.5,False,4.40,3.05,01
384564,,10.76,North (315-45°),353.6,900.0,1.2,False,3.94,2.73,00
384565,,13.43,North (315-45°),353.6,900.0,1.5,False,4.40,3.05,03
384566,,1.51,South (135-225°),173.6,1800.0,0.3,True,1.47,1.02,04
384567,,1.51,South (135-225°),173.6,1800.0,0.3,True,1.47,1.02,04
384568,,13.43,North (315-45°),353.6,900.0,1.5,False,4.40,3.05,01
384569,,10.76,North (315-45°),353.6,900.0,1.2,False,3.94,2.73,00
384570,,13.43,North (315-45°),353.6,900.0,1.5,False,4.40,3.05,03
384571,,1.51,South (135-225°),173.6,1800.0,0.3,True,1.47,1.02,04
384572,,1.51,South (135-225°),173.6,1800.0,0.3,True,1.47,1.02,04
384573,,13.43,North (315-45°),353.6,900.0,1.5,False,4.40,3.05,01
384574,,10.76,North (315-45°),353.6,900.0,1.2,False,3.94,2.73,00
384575,,13.43,North (315-45°),353.6,900.0,1.5,False,4.40,3.05,03
384576,,1.51,South (135-225°),173.6,1800.0,0.3,True,1.47,1.02,04
384577,,1.51,South (135-225°),173.6,1800.0,0.3,True,1.47,1.02,04
384578,,13.43,North (315-45°),353.6,900.0,1.5,False,4.40,3.05,01
384579,,10.76,North (315-45°),353.6,900.0,1.2,False,3.94,2.73,00
384580,,13.43,North (315-45°),353.6,900.0,1.5,False,4.40,3.05,03
384581,,1.51,South (135-225°),173.6,1800.0,0.3,True,1.47,1.02,04
384582,,1.51,South (135-225°),173.6,1800.0,0.3,True,1.47,1.02,04
384583,,13.43,North (315-45°),353.6,900.0,1.5,False,4.40,3.05,01
384584,,10.76,North (315-45°),353.6,900.0,1.2,False,3.94,2.73,00
384585,,13.43,North (315-45°),353.6,900.0,1.5,False,4.40,3.05,03
384586,,1.51,South (135-225°),173.6,1800.0,0.3,True,1.47,1.02,04
384587,,1.51,South (135-225°),173.6,1800.0,0.3,True,1.47,1.02,04
384588,,13.43,North (315-45°),353.6,900.0,1.5,False,4.40,3.05,01
384589,,10.76,North (315-45°),353.6,900.0,1.2,False,3.94,2.73,00
384590,,13.43,North (315-45°),353.6,900.0,1.5,False,4.40,3.05,03
384591,,1.51,South (135-225°),173.6,1800.0,0.3,True,1.47,1.02,04
384592,,1.51,South (135-225°),173.6,1800.0,0.3,True,1.47,1.02,04
384593,,13.43,North (315-45°),353.6,900.0,1.5,False,4.40,3.05,01
384594,,10.76,North (315-45°),353.6,900.0,1.2,False,3.94,2.73,00
384595,,13.43,North (315-45°),353.6,900.0,1.5,False,4.40,3.05,03
384596,,1.51,South (135-225°),173.6,1800.0,0.3,True,1.47,1.02,04
384597,,1.51,South (135-225°),173.6,1800.0,0.3,True,1.47,1.02,04
384598,,13.43,North (315-45°),353.6,900.0,1.5,False,4.40,3.05,01
384599,,10.76,North (315-45°),353.6,900.0,1.2,False,3.94,2.73,00
384600,,13.43,North (315-45°),353.6,900.0,1.5,False,4.40,3.05,03
384601,,1.51,South (135-225°),173.6,1800.0,0.3,True,1.47,1.02,04
384602,,1.51,South (135-225°),173.6,1800.0,0.3,True,1.47,1.02,04
384603,,13.43,North (315-45°),353.6,900.0,1.5,False,4.40,3.05,01
384604,,10.76,North (315-45°),353.6,900.0,1.2,False,3.94,2.73,00
384605,,13.43,North (315-45°),353.6,900.0,1.5,False,4.40,3.05,03
384606,,1.51,South (135-225°),173.6,1800.0,0.3,True,1.47,1.02,04
384607,,1.51,South (135-225°),173.6,1800.0,0.3,True,1.47,1.02,04
384608,,13.43,North (315-45°),353.6,900.0,1.5,False,4.40,3.05,01
384609,,10.76,North (315-45°),353.6,900.0,1.2,False,3.94,2.73,00
384610,,13.43,North (315-45°),353.6,900.0,1.5,False,4.40,3.05,03
384611,,1.51,South (135-225°),173.6,1800.0,0.3,True,1.47,1.02,04
384612,,1.51,South (135-225°),173.6,1800.0,0.3,True,1.47,1.02,04
384613,,13.43,North (315-45°),353.6,900.0,1.5,False,4.40,3.05,01
384614,,10.76,North (315-45°),353.6,900.0,1.2,False,3.94,2.73,00
384615,,13.43,North (315-45°),353.6,900.0,1.5,False,4.40,3.05,03
384616,,1.51,South (135-225°),173.6,1800.0,0.3,True,1.47,1.02,04
384617,,1.51,South (135-225°),173.6,1800.0,0.3,True,1.47,1.02,04
384618,,13.43,North (315-45°),353.6,900.0,1.5,False,4.40,3.05,01
384619,,10.76,North (315-45°),353.6,900.0,1.2,False,3.94,2.73,00
384620,,13.43,North (315-45°),353.6,900.0,1.5,False,4.40,3.05,03
384621,,1.51,South (135-225°),173.6,1800.0,0.3,True,1.47,1.02,04
384622,,1.51,South (135-225°),173.6,1800.0,0.3,True,1.47,1.02,04
384623,,13.43,North (315-45°),353.6,900.0,1.5,False,4.40,3.05,01
384624,,10.76,North (315-45°),353.6,900.0,1.2,False,3.94,2.73,00
384673,,10.76,North (315-45°),354.1,900.0,1.2,False,3.94,2.73,01
384763,,10.76,North (315-45°),354.1,900.0,1.2,False,3.94,2.73,01
384816,,10.76,North (315-45°),353.6,900.0,1.2,False,3.94,2.73,01
384817,,10.76,North (315-45°),353.6,900.0,1.2,False,3.94,2.73,01
385910,,13.43,North (315-45°),354.1,900.0,1.5,False,4.40,3.05,03
385911,,13.43,North (315-45°),354.1,900.0,1.5,False,4.40,3.05,01
385912,,14.51,North (315-45°),354.1,900.0,1.6,False,4.57,3.17,00
386006,,13.43,North (315-45°),354.1,900.0,1.5,False,4.40,3.05,04
386486,,13.43,North (315-45°),354.1,900.0,1.5,False,4.40,3.05,03
386487,,13.43,North (315-45°),354.1,900.0,1.5,False,4.40,3.05,01
386488,,14.51,North (315-45°),354.1,900.0,1.6,False,4.57,3.17,00
386489,,13.43,North (315-45°),354.1,900.0,1.5,False,4.40,3.05,04
386643,,13.43,North (315-45°),354.1,900.0,1.5,False,4.40,3.05,03
386644,,13.43,North (315-45°),354.1,900.0,1.5,False,4.40,3.05,01
386645,,10.76,North (315-45°),354.1,900.0,1.2,False,3.94,2.73,00
386646,,13.43,North (315-45°),354.1,900.0,1.5,False,4.40,3.05,04
386713,,13.43,North (315-45°),354.1,900.0,1.5,False,4.40,3.05,03
386714,,13.43,North (315-45°),354.1,900.0,1.5,False,4.40,3.05,01
386715,,10.76,North (315-45°),354.1,900.0,1.2,False,3.94,2.73,00
386716,,13.43,North (315-45°),354.1,900.0,1.5,False,4.40,3.05,04
386728,,13.43,North (315-45°),354.1,900.0,1.5,False,4.40,3.05,03
386729,,13.43,North (315-45°),354.1,900.0,1.5,False,4.40,3.05,01
386730,,10.76,North (315-45°),354.1,900.0,1.2,False,3.94,2.73,00
386731,,13.43,North (315-45°),354.1,900.0,1.5,False,4.40,3.05,04
386743,,13.43,North (315-45°),354.1,900.0,1.5,False,4.40,3.05,03
386744,,13.43,North (315-45°),354.1,900.0,1.5,False,4.40,3.05,01
386745,,10.76,North (315-45°),354.1,900.0,1.2,False,3.94,2.73,00
386746,,13.43,North (315-45°),354.1,900.0,1.5,False,4.40,3.05,04
386770,,13.43,North (315-45°),354.1,900.0,1.5,False,4.40,3.05,03
386771,,13.43,North (315-45°),354.1,900.0,1.5,False,4.40,3.05,01
386772,,10.76,North (315-45°),354.1,900.0,1.2,False,3.94,2.73,00
386773,,13.43,North (315-45°),354.1,900.0,1.5,False,4.40,3.05,04
386774,,13.43,North (315-45°),354.1,900.0,1.5,False,4.40,3.05,03
386775,,13.43,North (315-45°),354.1,900.0,1.5,False,4.40,3.05,01
386776,,10.76,North (315-45°),354.1,900.0,1.2,False,3.94,2.73,00
386777,,13.43,North (315-45°),354.1,900.0,1.5,False,4.40,3.05,04
386778,,13.43,North (315-45°),354.1,900.0,1.5,False,4.40,3.05,03
386779,,13.43,North (315-45°),354.1,900.0,1.5,False,4.40,3.05,01
386780,,10.76,North (315-45°),354.1,900.0,1.2,False,3.94,2.73,00
386781,,13.43,North (315-45°),354.1,900.0,1.5,False,4.40,3.05,04
395190,,13.43,North (315-45°),354.1,900.0,1.5,False,4.40,3.05,03
395191,,1.51,South (135-225°),174.1,1800.0,0.3,True,1.47,1.02,04
395192,,1.51,South (135-225°),174.1,1800.0,0.3,True,1.47,1.02,04
395193,,13.43,North (315-45°),354.1,900.0,1.5,False,4.40,3.05,02
395194,,10.76,North (315-45°),354.1,900.0,1.2,False,3.94,2.73,01
395195,,13.43,North (315-45°),354.1,900.0,1.5,False,4.40,3.05,03
395196,,1.51,South (135-225°),174.1,1800.0,0.3,True,1.47,1.02,04
395197,,1.51,South (135-225°),174.1,1800.0,0.3,True,1.47,1.02,04
395198,,13.43,North (315-45°),354.1,900.0,1.5,False,4.40,3.05,02
395199,,10.76,North (315-45°),354.1,900.0,1.2,False,3.94,2.73,01
395200,,13.43,North (315-45°),354.1,900.0,1.5,False,4.40,3.05,03
395201,,1.51,South (135-225°),174.1,1800.0,0.3,True,1.47,1.02,04
395202,,1.51,South (135-225°),174.1,1800.0,0.3,True,1.47,1.02,04
395203,,13.43,North (315-45°),354.1,900.0,1.5,False,4.40,3.05,02
395204,,10.76,North (315-45°),354.1,900.0,1.2,False,3.94,2.73,01
395205,,13.43,North (315-45°),354.1,900.0,1.5,False,4.40,3.05,03
395206,,1.51,South (135-225°),174.1,1800.0,0.3,True,1.47,1.02,04
395207,,1.51,South (135-225°),174.1,1800.0,0.3,True,1.47,1.02,04
395208,,13.43,North (315-45°),354.1,900.0,1.5,False,4.40,3.05,02
395209,,10.76,North (315-45°),354.1,900.0,1.2,False,3.94,2.73,01
395210,,13.43,North (315-45°),354.1,900.0,1.5,False,4.40,3.05,03
395211,,1.51,South (135-225°),174.1,1800.0,0.3,True,1.47,1.02,04
395212,,1.51,South (135-225°),174.1,1800.0,0.3,True,1.47,1.02,04
395213,,13.43,North (315-45°),354.1,900.0,1.5,False,4.40,3.05,02
395214,,10.76,North (315-45°),354.1,900.0,1.2,False,3.94,2.73,01
395261,,13.43,North (315-45°),354.1,900.0,1.5,False,4.40,3.05,03
395262,,1.51,South (135-225°),174.1,1800.0,0.3,True,1.47,1.02,04
395263,,1.51,South (135-225°),174.1,1800.0,0.3,True,1.47,1.02,04
395264,,13.43,North (315-45°),354.1,900.0,1.5,False,4.40,3.05,02
395265,,10.76,North (315-45°),354.1,900.0,1.2,False,3.94,2.73,01
395266,,13.43,North (315-45°),354.1,900.0,1.5,False,4.40,3.05,03
395267,,1.51,South (135-225°),174.1,1800.0,0.3,True,1.47,1.02,04
395268,,1.51,South (135-225°),174.1,1800.0,0.3,True,1.47,1.02,04
395269,,13.43,North (315-45°),354.1,900.0,1.5,False,4.40,3.05,02
395270,,10.76,North (315-45°),354.1,900.0,1.2,False,3.94,2.73,01
395271,,13.43,North (315-45°),354.1,900.0,1.5,False,4.40,3.05,03
395272,,1.51,South (135-225°),174.1,1800.0,0.3,True,1.47,1.02,04
395273,,1.51,South (135-225°),174.1,1800.0,0.3,True,1.47,1.02,04
395274,,13.43,North (315-45°),354.1,900.0,1.5,False,4.40,3.05,02
395275,,10.76,North (315-45°),354.1,900.0,1.2,False,3.94,2.73,01
395276,,13.43,North (315-45°),354.1,900.0,1.5,False,4.40,3.05,03
395277,,1.51,South (135-225°),174.1,1800.0,0.3,True,1.47,1.02,04
395278,,1.51,South (135-225°),174.1,1800.0,0.3,True,1.47,1.02,04
395279,,13.43,North (315-45°),354.1,900.0,1.5,False,4.40,3.05,02
395280,,10.76,North (315-45°),354.1,900.0,1.2,False,3.94,2.73,01
395281,,13.43,North (315-45°),354.1,900.0,1.5,False,4.40,3.05,03
395282,,1.51,South (135-225°),174.1,1800.0,0.3,True,1.47,1.02,04
395283,,1.51,South (135-225°),174.1,1800.0,0.3,True,1.47,1.02,04
395284,,13.43,North (315-45°),354.1,900.0,1.5,False,4.40,3.05,02
395285,,10.76,North (315-45°),354.1,900.0,1.2,False,3.94,2.73,01
395346,,1.51,South (135-225°),174.1,1800.0,0.3,True,1.47,1.02,04
395347,,1.51,South (135-225°),174.1,1800.0,0.3,True,1.47,1.02,04
395348,,1.51,South (135-225°),174.1,1800.0,0.3,True,1.47,1.02,04
395349,,1.51,South (135-225°),174.1,1800.0,0.3,True,1.47,1.02,04
395350,,1.51,South (135-225°),174.1,1800.0,0.3,True,1.47,1.02,04
395351,,1.51,South (135-225°),174.1,1800.0,0.3,True,1.47,1.02,04
395352,,1.51,South (135-225°),174.1,1800.0,0.3,True,1.47,1.02,04
395353,,1.51,South (135-225°),174.1,1800.0,0.3,True,1.47,1.02,04
395354,,1.51,South (135-225°),174.1,1800.0,0.3,True,1.47,1.02,04
395355,,1.51,South (135-225°),174.1,1800.0,0.3,True,1.47,1.02,04
395452,,1.51,South (135-225°),174.1,1800.0,0.3,True,1.47,1.02,04
395453,,1.51,South (135-225°),174.1,1800.0,0.3,True,1.47,1.02,04
395454,,1.51,South (135-225°),174.1,1800.0,0.3,True,1.47,1.02,04
395508,,1.51,South (135-225°),174.1,1800.0,0.3,True,1.47,1.02,04