ElementId,Name,Wall Type,Level,Length (m),Area (m²),Volume (m³),OriX,OriY,OriZ,Azimuth (°)
342220,Generic - 200mm,,00,14.8,238.42,47.68,-0.1,0.99,0.0,354.12
342221,Generic - 200mm,,00,37.33,686.77,137.36,0.99,0.1,-0.0,84.12
342222,Generic - 200mm,,00,174.42,416.9,83.38,-0.1,0.99,0.0,354.12
342223,Generic - 200mm,,00,15.27,248.83,49.76,-0.1,0.99,0.0,354.12
342225,Generic - 200mm,,00,37.11,681.77,136.36,-0.99,-0.11,0.0,263.51
342226,Generic - 200mm,,00,2.8,62.29,12.45,0.0,1.0,-0.0,0.0
342229,Generic - 200mm,,00,5.37,121.19,24.19,-1.0,0.0,0.0,270.0
342231,Generic - 200mm,,00,2.0,48.12,9.62,1.0,0.0,-0.0,90.0
342232,Generic - 200mm,,00,50.8,949.21,189.84,0.1,-0.99,0.0,174.12
342233,Generic - 200mm,,00,2.0,48.0,9.6,-1.0,0.0,0.0,270.0
342234,Generic - 200mm,,00,57.92,927.58,185.48,0.1,-0.99,0.0,174.12
342235,Generic - 200mm,,00,5.14,114.36,22.87,0.99,0.1,-0.0,84.12
342236,Generic - 200mm,,00,21.03,383.64,76.73,0.1,-0.99,0.0,174.12
342237,Generic - 200mm,,00,15.79,279.27,55.81,-0.99,-0.1,0.0,264.12
342238,Generic - 200mm,,00,33.15,564.75,112.91,-0.99,-0.1,0.0,264.12
342239,Generic - 200mm,,00,2.0,40.02,8.0,0.0,1.0,-0.0,0.0
342319,Generic - 200mm,,00,174.65,5563.7,1112.73,0.1,-0.99,0.0,174.12
342320,Generic - 200mm,,00,62.62,770.86,154.17,0.1,-0.99,0.0,174.12
342321,Generic - 200mm,,00,43.12,391.08,78.22,0.99,0.1,-0.0,84.12
342322,Generic - 200mm,,00,62.62,881.31,176.27,-0.1,0.99,-0.0,354.12
342323,Generic - 200mm,,00,22.92,294.12,58.83,-0.99,-0.1,0.0,264.12
342324,Generic - 200mm,,00,43.12,400.41,80.03,-0.99,-0.1,0.0,264.12
342325,Generic - 200mm,,00,22.2,284.71,56.94,0.1,-0.99,0.0,174.12
342326,Generic - 200mm,,00,22.7,293.86,58.77,0.99,0.1,-0.0,84.12
342327,Generic - 200mm,,00,22.2,281.06,56.21,-0.1,0.99,-0.0,354.12
342328,Generic - 200mm,,00,22.28,289.74,57.95,0.1,-0.99,0.0,174.12
342329,Generic - 200mm,,00,23.2,302.95,60.59,0.99,0.1,-0.0,84.12
342330,Generic - 200mm,,00,22.28,286.1,57.22,-0.1,0.99,-0.0,354.12
342331,Generic - 200mm,,00,23.2,299.3,59.86,-0.99,-0.1,0.0,264.12
342601,Generic - 200mm,,00,12.23,452.57,90.51,0.99,0.1,-0.0,84.12
342603,Generic - 200mm,,00,12.23,452.57,90.47,-0.99,-0.1,0.0,264.12
349359,1830 x 122 HIGH,,01,,8.07,0.13,,,,
349634,1830 x 122 HIGH,,01,,8.07,0.13,,,,
349657,1830 x 122 HIGH,,01,,8.07,0.13,,,,
349662,1830 x 122 HIGH,,01,,8.07,0.13,,,,
349667,1830 x 122 HIGH,,01,,8.07,0.13,,,,
349693,1830 x 122 HIGH,,00,,8.07,0.13,,,,
349694,1830 x 122 HIGH,,00,,8.07,0.13,,,,
349696,1830 x 122 HIGH,,00,,8.07,0.13,,,,
349697,1830 x 122 HIGH,,00,,8.07,0.13,,,,
349698,1830 x 122 HIGH,,00,,8.07,0.13,,,,
349702,1830 x 122 HIGH,,02,,8.07,0.13,,,,
349703,1830 x 122 HIGH,,02,,8.07,0.13,,,,
349705,1830 x 122 HIGH,,02,,8.07,0.13,,,,
349706,1830 x 122 HIGH,,02,,8.07,0.13,,,,
349707,1830 x 122 HIGH,,02,,8.07,0.13,,,,
349711,1830 x 122 HIGH,,03,,8.07,0.13,,,,
349712,1830 x 122 HIGH,,03,,8.07,0.13,,,,
349714,1830 x 122 HIGH,,03,,8.07,0.13,,,,
349715,1830 x 122 HIGH,,03,,8.07,0.13,,,,
349716,1830 x 122 HIGH,,03,,8.07,0.13,,,,
349720,1830 x 122 HIGH,,04,,8.07,0.13,,,,
349721,1830 x 122 HIGH,,04,,8.07,0.13,,,,
349722,Array Group 1,,04,,,,,,,
349723,1830 x 122 HIGH,,04,,8.07,0.13,,,,
349724,1830 x 122 HIGH,,04,,8.07,0.13,,,,
349725,1830 x 122 HIGH,,04,,8.07,0.13,,,,
350544,1830 x 0610WIDESMALL,,05,,11.45,0.18,,,,
350614,1830 x 0610WIDESMALL,,05,,11.45,0.18,,,,
350635,1830 x 0610WIDE,,05,,16.33,0.26,,,,
350640,1830 x 0610WIDE,,05,,16.33,0.26,,,,
350645,1830 x 0610WIDE,,05,,16.33,0.26,,,,
350650,1830 x 0610WIDE,,05,,16.33,0.26,,,,
350655,1830 x 0610WIDE,,05,,16.33,0.26,,,,
350660,1830 x 0610WIDE,,05,,16.33,0.26,,,,
350665,1830 x 0610WIDE,,05,,16.33,0.26,,,,
350822,1830 x 0610WIDESMALL,,05,,11.45,0.18,,,,
350823,1830 x 0610WIDESMALL,,05,,11.45,0.18,,,,
350824,1830 x 0610WIDE,,05,,16.33,0.26,,,,
350825,1830 x 0610WIDE,,05,,16.33,0.26,,,,
350826,1830 x 0610WIDE,,05,,16.33,0.26,,,,
350827,1830 x 0610WIDE,,05,,16.33,0.26,,,,
350828,1830 x 0610WIDE,,05,,16.33,0.26,,,,
350829,1830 x 0610WIDE,,05,,16.33,0.26,,,,
350830,1830 x 0610WIDE,,05,,16.33,0.26,,,,
350859,1830 x 0610WIDESMALL,,06,,11.45,0.18,,,,
350860,1830 x 0610WIDESMALL,,06,,11.45,0.18,,,,
350861,1830 x 0610WIDE,,06,,16.33,0.26,,,,
350862,1830 x 0610WIDE,,06,,16.33,0.26,,,,
350863,1830 x 0610WIDE,,06,,16.33,0.26,,,,
350864,1830 x 0610WIDE,,06,,16.33,0.26,,,,
350865,1830 x 0610WIDE,,06,,16.33,0.26,,,,
350866,1830 x 0610WIDE,,06,,16.33,0.26,,,,
350867,1830 x 0610WIDE,,06,,16.33,0.26,,,,
350868,1830 x 0610WIDESMALL,,06,,11.45,0.18,,,,
350869,1830 x 0610WIDESMALL,,06,,11.45,0.18,,,,
350870,1830 x 0610WIDE,,06,,16.33,0.26,,,,
350871,1830 x 0610WIDE,,06,,16.33,0.26,,,,
350872,1830 x 0610WIDE,,06,,16.33,0.26,,,,
350873,1830 x 0610WIDE,,06,,16.33,0.26,,,,
350874,1830 x 0610WIDE,,06,,16.33,0.26,,,,
350875,1830 x 0610WIDE,,06,,16.33,0.26,,,,
350876,1830 x 0610WIDE,,06,,16.33,0.26,,,,
350881,1830 x 0610WIDESMALL,,07,,11.45,0.18,,,,
350882,1830 x 0610WIDESMALL,,07,,11.45,0.18,,,,
350883,1830 x 0610WIDE,,07,,16.33,0.26,,,,
350884,1830 x 0610WIDE,,07,,16.33,0.26,,,,
350885,1830 x 0610WIDE,,07,,16.33,0.26,,,,
350886,1830 x 0610WIDE,,07,,16.33,0.26,,,,
350887,1830 x 0610WIDE,,07,,16.33,0.26,,,,
350888,1830 x 0610WIDE,,07,,16.33,0.26,,,,
350889,1830 x 0610WIDE,,07,,16.33,0.26,,,,
350890,1830 x 0610WIDESMALL,,07,,11.45,0.18,,,,
350891,1830 x 0610WIDESMALL,,07,,11.45,0.18,,,,
350892,1830 x 0610WIDE,,07,,16.33,0.26,,,,
350893,1830 x 0610WIDE,,07,,16.33,0.26,,,,
350894,1830 x 0610WIDE,,07,,16.33,0.26,,,,
350895,1830 x 0610WIDE,,07,,16.33,0.26,,,,
350896,1830 x 0610WIDE,,07,,16.33,0.26,,,,
350897,1830 x 0610WIDE,,07,,16.33,0.26,,,,
350898,1830 x 0610WIDE,,07,,16.33,0.26,,,,
350903,1830 x 0610WIDESMALL,,08,,11.45,0.18,,,,
350904,1830 x 0610WIDESMALL,,08,,11.45,0.18,,,,
350905,1830 x 0610WIDE,,08,,16.33,0.26,,,,
350906,1830 x 0610WIDE,,08,,16.33,0.26,,,,
350907,1830 x 0610WIDE,,08,,16.33,0.26,,,,
350908,1830 x 0610WIDE,,08,,16.33,0.26,,,,
350909,1830 x 0610WIDE,,08,,16.33,0.26,,,,
350910,1830 x 0610WIDE,,08,,16.33,0.26,,,,
350911,1830 x 0610WIDE,,08,,16.33,0.26,,,,
350912,1830 x 0610WIDESMALL,,08,,11.45,0.18,,,,
350913,1830 x 0610WIDESMALL,,08,,11.45,0.18,,,,
350914,1830 x 0610WIDE,,08,,16.33,0.26,,,,
350915,1830 x 0610WIDE,,08,,16.33,0.26,,,,
350916,1830 x 0610WIDE,,08,,16.33,0.26,,,,
350917,1830 x 0610WIDE,,08,,16.33,0.26,,,,
350918,1830 x 0610WIDE,,08,,16.33,0.26,,,,
350919,1830 x 0610WIDE,,08,,16.33,0.26,,,,
350920,1830 x 0610WIDE,,08,,16.33,0.26,,,,
352360,Generic - 200mm,,00,174.25,2734.1,546.82,-0.1,0.99,0.0,354.12
352461,Generic - 200mm,,00,5.16,36.12,7.22,0.14,-0.99,0.0,172.08
352462,Generic - 200mm,,00,8.27,24.82,4.96,0.15,-0.99,0.0,171.31
352464,Generic - 200mm,,00,5.11,31.54,6.31,-0.12,0.99,0.0,352.87
352465,Generic - 200mm,,00,8.27,24.83,4.96,-0.15,0.99,0.0,351.3
353807,1830 x 122 HIGH,,03,,8.07,0.13,,,,
353808,1830 x 122 HIGH,,03,,8.07,0.13,,,,
353809,1830 x 122 HIGH,,03,,8.07,0.13,,,,
353810,1830 x 122 HIGH,,03,,8.07,0.13,,,,
353811,1830 x 122 HIGH,,03,,8.07,0.13,,,,
353829,1830 x 122 HIGH,,00,,8.07,0.13,,,,
353830,1830 x 122 HIGH,,00,,8.07,0.13,,,,
353831,1830 x 122 HIGH,,00,,8.07,0.13,,,,
353832,1830 x 122 HIGH,,00,,8.07,0.13,,,,
353833,1830 x 122 HIGH,,00,,8.07,0.13,,,,
353837,1830 x 122 HIGH,,01,,8.07,0.13,,,,
353838,1830 x 122 HIGH,,01,,8.07,0.13,,,,
353839,1830 x 122 HIGH,,01,,8.07,0.13,,,,
353840,1830 x 122 HIGH,,01,,8.07,0.13,,,,
353841,1830 x 122 HIGH,,01,,8.07,0.13,,,,
353845,1830 x 122 HIGH,,02,,8.07,0.13,,,,
353846,1830 x 122 HIGH,,02,,8.07,0.13,,,,
353847,1830 x 122 HIGH,,02,,8.07,0.13,,,,
353848,1830 x 122 HIGH,,02,,8.07,0.13,,,,
353849,1830 x 122 HIGH,,02,,8.07,0.13,,,,
353853,1830 x 122 HIGH,,04,,8.07,0.13,,,,
353854,1830 x 122 HIGH,,04,,8.07,0.13,,,,
353855,1830 x 122 HIGH,,04,,8.07,0.13,,,,
353856,1830 x 122 HIGH,,04,,8.07,0.13,,,,
353857,1830 x 122 HIGH,,04,,8.07,0.13,,,,
353890,Generic - 200mm,,00,28.86,221.5,44.28,-1.0,0.03,-0.0,272.0
353906,Generic - 200mm,,00,1.2,9.27,1.85,0.0,-1.0,0.0,180.0
353937,Generic - 200mm,,00,3.34,25.71,5.14,-1.0,0.0,0.0,270.0
353964,Generic - 200mm,,00,1.62,12.5,2.49,0.0,1.0,-0.0,0.0
353987,Generic - 200mm,,00,6.3,48.51,9.7,-1.0,0.03,-0.0,272.0
354011,Generic - 200mm,,00,0.7,6.51,1.14,0.0,1.0,-0.0,0.0
354026,Generic - 200mm,,00,1.9,14.63,2.93,0.71,0.71,-0.0,45.0
354045,Generic - 200mm,,00,0.9,8.47,1.39,0.0,1.0,-0.0,0.0
354068,Generic - 200mm,,00,1.9,12.45,2.49,-0.71,0.71,-0.0,315.0
354084,Generic - 200mm,,00,0.25,5.64,0.82,0.0,1.0,-0.0,0.0
354108,Generic - 200mm,,00,1.9,14.63,2.93,0.71,0.71,-0.0,45.0
354127,Generic - 200mm,,00,0.96,8.64,1.46,0.0,1.0,-0.0,0.0
354155,Generic - 200mm,,00,1.68,11.0,2.2,-0.8,0.6,-0.0,306.82
354183,Generic - 200mm,,00,0.41,6.57,1.04,0.0,1.0,-0.0,0.0
354207,Generic - 200mm,,00,1.69,13.02,2.6,0.71,0.71,-0.0,45.0
354225,Generic - 200mm,,00,1.37,11.76,2.08,0.0,1.0,-0.0,0.0
354251,Generic - 200mm,,00,1.7,11.17,2.23,-0.8,0.6,-0.0,306.82
354269,Generic - 200mm,,00,0.3,5.71,0.87,0.0,1.0,-0.0,0.0
354289,Generic - 200mm,,00,1.55,11.97,2.39,0.71,0.71,-0.0,45.0
354310,Generic - 200mm,,00,1.3,10.9,1.95,0.0,1.0,-0.0,0.0
354336,Generic - 200mm,,00,1.8,13.86,2.77,-0.91,0.42,-0.0,295.0
354354,Generic - 200mm,,00,0.5,5.76,0.87,0.0,1.0,-0.0,0.0
354380,Generic - 200mm,,00,1.71,13.21,2.58,-0.59,-0.81,0.0,215.94
354383,Generic - 200mm,,00,1.24,10.58,1.87,0.15,-0.99,0.0,171.17
354386,Generic - 200mm,,00,1.91,12.91,2.58,0.93,-0.38,0.0,112.24
354407,Generic - 200mm,,00,0.39,6.11,0.99,0.14,-0.99,0.0,171.81
354410,Generic - 200mm,,00,1.83,14.16,2.83,-0.62,-0.79,0.0,218.18
354413,Generic - 200mm,,00,1.1,9.69,1.67,0.12,-0.99,0.0,172.82
354416,Generic - 200mm,,00,1.99,15.45,3.07,0.88,-0.48,0.0,118.66
354419,Generic - 200mm,,00,0.78,6.47,1.15,0.21,-0.98,0.0,168.1
354422,Generic - 200mm,,00,6.34,48.88,9.77,-0.97,-0.25,0.0,255.34
354425,Generic - 200mm,,00,1.31,10.08,2.01,0.17,-0.98,0.0,170.0
354428,Generic - 200mm,,00,3.25,25.11,5.0,-0.97,-0.24,0.0,256.22
354431,Generic - 200mm,,00,1.26,9.68,1.93,-0.31,0.95,-0.0,341.75
354434,Generic - 200mm,,00,28.96,220.77,44.12,-0.97,-0.25,0.0,255.33
354772,0406 x 0610mmlong,,03,,528.37,7.52,,,,
354939,0406 x 0610mmlonghigh,,01,,796.35,10.76,,,,
354944,0406 x 0610mmlong,,02,,528.37,7.52,,,,
354949,0406 x 0610mmlong,,04,,528.37,7.52,,,,
354954,0406 x 0610mmlong,,05,,528.37,7.52,,,,
354959,0406 x 0610mmlong,,06,,528.37,7.52,,,,
354964,0406 x 0610mmlong,,07,,528.37,7.52,,,,
354969,0406 x 0610mmlong,,08,,528.37,7.52,,,,
355915,0406 x 0610mmlongshort,,06,,33.83,0.52,,,,
355916,0406 x 0610mmlongshort,,06,,33.83,0.52,,,,
355917,0406 x 0610mmlongshort,,06,,33.83,0.52,,,,
355921,0406 x 0610mmlongshort,,07,,33.83,0.52,,,,
355922,0406 x 0610mmlongshort,,07,,33.83,0.52,,,,
355923,0406 x 0610mmlongshort,,07,,33.83,0.52,,,,
355927,0406 x 0610mmlongshort,,08,,33.83,0.52,,,,
355928,0406 x 0610mmlongshort,,08,,33.83,0.52,,,,
355929,0406 x 0610mmlongshort,,08,,33.83,0.52,,,,
366345,ARCHED_ALUMINUM_WINDOW_SYSTEM_10799,,00,,19.24,0.57,,,,
366379,ARCHED_ALUMINUM_WINDOW_SYSTEM_10799,,00,,19.24,0.57,,,,
366386,ARCHED_ALUMINUM_WINDOW_SYSTEM_10799,,00,,19.24,0.57,,,,
366593,ARCHED_ALUMINUM_WINDOW_SYSTEM_10799,,02,,19.24,0.57,,,,
366594,ARCHED_ALUMINUM_WINDOW_SYSTEM_10799,,02,,19.24,0.57,,,,
366595,ARCHED_ALUMINUM_WINDOW_SYSTEM_10799,,02,,19.24,0.57,,,,
366874,ARCHED_ALUMINUM_WINDOW_SYSTEM_10799,,02,,19.24,0.57,,,,
366884,ARCHED_ALUMINUM_WINDOW_SYSTEM_10799,,00,,19.24,0.57,,,,
367126,"36"" x 48""",,04,,5.07,0.16,,,,
367134,"36"" x 48""",,04,,5.07,0.16,,,,
367274,ARCHED_ALUMINUM_WINDOW_SYSTEM_10799,,00,,19.24,0.57,,,,
367275,ARCHED_ALUMINUM_WINDOW_SYSTEM_10799,,00,,19.24,0.57,,,,
367276,ARCHED_ALUMINUM_WINDOW_SYSTEM_10799,,00,,19.24,0.57,,,,
367277,ARCHED_ALUMINUM_WINDOW_SYSTEM_10799,,02,,19.24,0.57,,,,
367278,ARCHED_ALUMINUM_WINDOW_SYSTEM_10799,,02,,19.24,0.57,,,,
367279,ARCHED_ALUMINUM_WINDOW_SYSTEM_10799,,02,,19.24,0.57,,,,
367280,ARCHED_ALUMINUM_WINDOW_SYSTEM_10799,,02,,19.24,0.57,,,,
367281,ARCHED_ALUMINUM_WINDOW_SYSTEM_10799,,00,,19.24,0.57,,,,
367761,0406 x 0610mmlonghighdoor,,00,,321.69,4.36,,,,
367842,2.5x2.5,,02,,10.41,0.23,,,,
367843,2.5x2.5,,02,,10.41,0.23,,,,
367844,2.5x2.5,,02,,10.41,0.23,,,,
368995,2.5x2.5,,02,,10.41,0.23,,,,
369015,"36"" x 48""",,04,,5.07,0.16,,,,
369224,"36"" x 48""",,04,,5.07,0.16,,,,
369225,"36"" x 48""",,04,,5.07,0.16,,,,
369235,"36"" x 48""",,04,,5.07,0.16,,,,
369236,"36"" x 48""",,04,,5.07,0.16,,,,
369246,"36"" x 48""",,04,,5.07,0.16,,,,
369247,"36"" x 48""",,04,,5.07,0.16,,,,
369332,"36"" x 48""",,04,,5.07,0.16,,,,
369333,"36"" x 48""",,04,,5.07,0.16,,,,
369460,"36"" x 48""",,04,,5.07,0.16,,,,
369461,"36"" x 48""",,04,,5.07,0.16,,,,
369471,"36"" x 48""",,04,,5.07,0.16,,,,
369472,"36"" x 48""",,04,,5.07,0.16,,,,
369482,"36"" x 48""",,04,,5.07,0.16,,,,
369483,"36"" x 48""",,04,,5.07,0.16,,,,
370300,"36"" x 48""",,04,,5.07,0.16,,,,
371062,2.5x2.5,,02,,10.41,0.23,,,,
371063,2.5x2.5,,02,,10.41,0.23,,,,
371064,2.5x2.5,,02,,10.41,0.23,,,,
371165,"36"" x 48""",,04,,5.07,0.16,,,,
371166,"36"" x 48""",,04,,5.07,0.16,,,,
371176,"36"" x 48""",,04,,5.07,0.16,,,,
371177,"36"" x 48""",,04,,5.07,0.16,,,,
371187,"36"" x 48""",,04,,5.07,0.16,,,,
371188,"36"" x 48""",,04,,5.07,0.16,,,,
371196,"36"" x 48""",,04,,5.07,0.16,,,,
371197,"36"" x 48""",,04,,5.07,0.16,,,,
371205,"36"" x 48""",,04,,5.07,0.16,,,,
371206,"36"" x 48""",,04,,5.07,0.16,,,,
371216,"36"" x 48""",,04,,5.07,0.16,,,,
371217,"36"" x 48""",,04,,5.07,0.16,,,,
371250,2.5x2.5,,01,,10.41,0.23,,,,
371251,2.5x2.5,,01,,10.41,0.23,,,,
371252,2.5x2.5,,01,,10.41,0.23,,,,
371253,2.5x2.5,,01,,10.41,0.23,,,,
371254,2.5x2.5,,01,,10.41,0.23,,,,
371255,2.5x2.5,,01,,10.41,0.23,,,,
371256,2.5x2.5,,01,,10.41,0.23,,,,
371268,0915 x 1830mm,,00,,11.32,0.18,,,,
371269,0915 x 1830mm,,00,,11.32,0.18,,,,
371270,0915 x 1830mm,,00,,11.32,0.18,,,,
371271,0915 x 1830mm,,00,,11.32,0.18,,,,
371272,0915 x 1830mm,,00,,11.32,0.18,,,,
371273,0915 x 1830mm,,00,,11.32,0.18,,,,
371274,0915 x 1830mm,,00,,11.32,0.18,,,,
372079,2.5x2.5,,02,,10.41,0.23,,,,
372080,2.5x2.5,,02,,10.41,0.23,,,,
372081,2.5x2.5,,02,,10.41,0.23,,,,
372082,2.5x2.5,,02,,10.41,0.23,,,,
372083,"36"" x 48""",,04,,5.07,0.16,,,,
372084,"36"" x 48""",,04,,5.07,0.16,,,,
372085,2.5x2.5,,02,,10.41,0.23,,,,
372086,2.5x2.5,,02,,10.41,0.23,,,,
372087,2.5x2.5,,02,,10.41,0.23,,,,
372088,"36"" x 48""",,04,,5.07,0.16,,,,
372089,"36"" x 48""",,04,,5.07,0.16,,,,
372090,"36"" x 48""",,04,,5.07,0.16,,,,
372091,"36"" x 48""",,04,,5.07,0.16,,,,
372092,"36"" x 48""",,04,,5.07,0.16,,,,
372093,"36"" x 48""",,04,,5.07,0.16,,,,
372094,"36"" x 48""",,04,,5.07,0.16,,,,
372095,"36"" x 48""",,04,,5.07,0.16,,,,
372096,"36"" x 48""",,04,,5.07,0.16,,,,
372097,"36"" x 48""",,04,,5.07,0.16,,,,
372098,"36"" x 48""",,04,,5.07,0.16,,,,
372099,"36"" x 48""",,04,,5.07,0.16,,,,
372100,2.5x2.5,,01,,10.41,0.23,,,,
372101,2.5x2.5,,01,,10.41,0.23,,,,
372102,2.5x2.5,,01,,10.41,0.23,,,,
372103,2.5x2.5,,01,,10.41,0.23,,,,
372104,2.5x2.5,,01,,10.41,0.23,,,,
372105,2.5x2.5,,01,,10.41,0.23,,,,
372107,0915 x 1830mm,,00,,11.32,0.18,,,,
372108,0915 x 1830mm,,00,,11.32,0.18,,,,
372109,0915 x 1830mm,,00,,11.32,0.18,,,,
372110,0915 x 1830mm,,00,,11.32,0.18,,,,
372111,0915 x 1830mm,,00,,11.32,0.18,,,,
372112,0915 x 1830mm,,00,,11.32,0.18,,,,
372278,2.5x2.5,,02,,10.41,0.23,,,,
372279,2.5x2.5,,02,,10.41,0.23,,,,
372280,2.5x2.5,,02,,10.41,0.23,,,,
372281,"36"" x 48""",,04,,5.07,0.16,,,,
372282,"36"" x 48""",,04,,5.07,0.16,,,,
372283,"36"" x 48""",,04,,5.07,0.16,,,,
372284,"36"" x 48""",,04,,5.07,0.16,,,,
372285,"36"" x 48""",,04,,5.07,0.16,,,,
372286,"36"" x 48""",,04,,5.07,0.16,,,,
372287,2.5x2.5,,01,,10.41,0.23,,,,
372288,2.5x2.5,,01,,10.41,0.23,,,,
372289,2.5x2.5,,01,,10.41,0.23,,,,
372290,0915 x 1830mm,,00,,11.32,0.18,,,,
372291,0915 x 1830mm,,00,,11.32,0.18,,,,
372292,0915 x 1830mm,,00,,11.32,0.18,,,,
372474,Generic - 200mm,,00,27.91,457.58,91.5,-0.99,-0.1,0.0,264.12
372634,Generic - 200mm,,00,0.5,15.59,3.12,0.0,-1.0,0.0,180.0
372674,Generic - 200mm,,00,8.95,163.11,32.62,-0.99,-0.1,0.0,264.12
372693,Generic - 200mm,,00,0.5,15.59,3.12,0.0,1.0,-0.0,0.0
372735,2.5x2.5,,02,,10.41,0.23,,,,
372749,"36"" x 48""",,03,,5.07,0.16,,,,
372842,"36"" x 48""",,03,,5.07,0.16,,,,
372872,2.5x2.5,,00,,10.41,0.23,,,,
372873,"36"" x 48""",,00,,5.07,0.16,,,,
372874,"36"" x 48""",,00,,5.07,0.16,,,,
372887,2.5x2.5,,01,,10.41,0.23,,,,
372888,"36"" x 48""",,01,,5.07,0.16,,,,
372889,"36"" x 48""",,01,,5.07,0.16,,,,
373009,Generic - 200mm,,00,15.9,281.63,56.28,0.99,0.11,-0.0,83.64
373010,Generic - 200mm,,00,33.05,562.52,112.46,0.99,0.1,-0.0,84.12
373014,2.5x2.5,,02,,10.41,0.23,,,,
373015,2.5x2.5,,02,,10.41,0.23,,,,
373016,2.5x2.5,,02,,10.41,0.23,,,,
373017,2.5x2.5,,02,,10.41,0.23,,,,
373018,"36"" x 48""",,04,,5.07,0.16,,,,
373019,"36"" x 48""",,04,,5.07,0.16,,,,
373020,2.5x2.5,,02,,10.41,0.23,,,,
373021,2.5x2.5,,02,,10.41,0.23,,,,
373022,2.5x2.5,,02,,10.41,0.23,,,,
373023,"36"" x 48""",,04,,5.07,0.16,,,,
373024,"36"" x 48""",,04,,5.07,0.16,,,,
373025,"36"" x 48""",,04,,5.07,0.16,,,,
373026,"36"" x 48""",,04,,5.07,0.16,,,,
373027,"36"" x 48""",,04,,5.07,0.16,,,,
373028,"36"" x 48""",,04,,5.07,0.16,,,,
373029,"36"" x 48""",,04,,5.07,0.16,,,,
373030,"36"" x 48""",,04,,5.07,0.16,,,,
373031,"36"" x 48""",,04,,5.07,0.16,,,,
373032,"36"" x 48""",,04,,5.07,0.16,,,,
373033,"36"" x 48""",,04,,5.07,0.16,,,,
373034,"36"" x 48""",,04,,5.07,0.16,,,,
373035,2.5x2.5,,01,,10.41,0.23,,,,
373036,2.5x2.5,,01,,10.41,0.23,,,,
373037,2.5x2.5,,01,,10.41,0.23,,,,
373038,2.5x2.5,,01,,10.41,0.23,,,,
373039,2.5x2.5,,01,,10.41,0.23,,,,
373040,2.5x2.5,,01,,10.41,0.23,,,,
373041,2.5x2.5,,01,,10.41,0.23,,,,
373042,0915 x 1830mm,,00,,11.32,0.18,,,,
373043,0915 x 1830mm,,00,,11.32,0.18,,,,
373044,0915 x 1830mm,,00,,11.32,0.18,,,,
373045,0915 x 1830mm,,00,,11.32,0.18,,,,
373046,0915 x 1830mm,,00,,11.32,0.18,,,,
373047,0915 x 1830mm,,00,,11.32,0.18,,,,
373048,0915 x 1830mm,,00,,11.32,0.18,,,,
373049,2.5x2.5,,02,,10.41,0.23,,,,
373050,2.5x2.5,,02,,10.41,0.23,,,,
373051,2.5x2.5,,02,,10.41,0.23,,,,
373052,2.5x2.5,,02,,10.41,0.23,,,,
373053,"36"" x 48""",,04,,5.07,0.16,,,,
373054,"36"" x 48""",,04,,5.07,0.16,,,,
373055,2.5x2.5,,02,,10.41,0.23,,,,
373056,2.5x2.5,,02,,10.41,0.23,,,,
373057,2.5x2.5,,02,,10.41,0.23,,,,
373058,"36"" x 48""",,04,,5.07,0.16,,,,
373059,"36"" x 48""",,04,,5.07,0.16,,,,
373060,"36"" x 48""",,04,,5.07,0.16,,,,
373061,"36"" x 48""",,04,,5.07,0.16,,,,
373062,"36"" x 48""",,04,,5.07,0.16,,,,
373063,"36"" x 48""",,04,,5.07,0.16,,,,
373064,"36"" x 48""",,04,,5.07,0.16,,,,
373065,"36"" x 48""",,04,,5.07,0.16,,,,
373066,"36"" x 48""",,04,,5.07,0.16,,,,
373067,"36"" x 48""",,04,,5.07,0.16,,,,
373068,"36"" x 48""",,04,,5.07,0.16,,,,
373069,"36"" x 48""",,04,,5.07,0.16,,,,
373070,2.5x2.5,,01,,10.41,0.23,,,,
373071,2.5x2.5,,01,,10.41,0.23,,,,
373072,2.5x2.5,,01,,10.41,0.23,,,,
373073,2.5x2.5,,01,,10.41,0.23,,,,
373074,2.5x2.5,,01,,10.41,0.23,,,,
373075,2.5x2.5,,01,,10.41,0.23,,,,
373076,0915 x 1830mm,,00,,11.32,0.18,,,,
373077,0915 x 1830mm,,00,,11.32,0.18,,,,
373078,0915 x 1830mm,,00,,11.32,0.18,,,,
373079,0915 x 1830mm,,00,,11.32,0.18,,,,
373080,0915 x 1830mm,,00,,11.32,0.18,,,,
373081,0915 x 1830mm,,00,,11.32,0.18,,,,
373082,2.5x2.5,,02,,10.41,0.23,,,,
373083,2.5x2.5,,02,,10.41,0.23,,,,
373084,2.5x2.5,,02,,10.41,0.23,,,,
373085,"36"" x 48""",,04,,5.07,0.16,,,,
373086,"36"" x 48""",,04,,5.07,0.16,,,,
373087,"36"" x 48""",,04,,5.07,0.16,,,,
373088,"36"" x 48""",,04,,5.07,0.16,,,,
373089,"36"" x 48""",,04,,5.07,0.16,,,,
373090,"36"" x 48""",,04,,5.07,0.16,,,,
373091,2.5x2.5,,01,,10.41,0.23,,,,
373092,2.5x2.5,,01,,10.41,0.23,,,,
373093,2.5x2.5,,01,,10.41,0.23,,,,
373094,0915 x 1830mm,,00,,11.32,0.18,,,,
373095,0915 x 1830mm,,00,,11.32,0.18,,,,
373096,0915 x 1830mm,,00,,11.32,0.18,,,,
373097,Generic - 200mm,,00,27.0,432.62,86.43,0.99,0.1,-0.0,84.12
373098,Generic - 200mm,,00,0.5,15.59,3.12,0.2,-0.98,0.0,168.25
373099,Generic - 200mm,,00,8.95,163.11,32.62,0.99,0.1,-0.0,84.12
373100,Generic - 200mm,,00,0.5,15.59,3.12,-0.2,0.98,0.0,348.25
373101,2.5x2.5,,02,,10.41,0.23,,,,
373102,"36"" x 48""",,03,,5.07,0.16,,,,
373103,"36"" x 48""",,03,,5.07,0.16,,,,
373104,2.5x2.5,,00,,10.41,0.23,,,,
373105,"36"" x 48""",,00,,5.07,0.16,,,,
373106,"36"" x 48""",,00,,5.07,0.16,,,,
373107,2.5x2.5,,01,,10.41,0.23,,,,
373108,"36"" x 48""",,01,,5.07,0.16,,,,
373109,"36"" x 48""",,01,,5.07,0.16,,,,
373489,2.5x2.5,,01,,10.41,0.23,,,,
373490,0915 x 1830mm,,00,,11.32,0.18,,,,
374306,2.5x2.5,,01,,10.41,0.23,,,,
375328,2.5x2.5,,03,,10.41,0.23,,,,
375333,"36"" x 48""",,04,,5.07,0.16,,,,
375334,"36"" x 48""",,04,,5.07,0.16,,,,
375337,2.5x2.5,,01,,10.41,0.23,,,,
375340,0915 x 1830mm,,00,,11.32,0.18,,,,
375354,2.5x2.5,,03,,10.41,0.23,,,,
375355,"36"" x 48""",,04,,5.07,0.16,,,,
375356,"36"" x 48""",,04,,5.07,0.16,,,,
375357,2.5x2.5,,01,,10.41,0.23,,,,
375358,0915 x 1830mm,,00,,11.32,0.18,,,,
375370,2.5x2.5,,03,,10.41,0.23,,,,
375371,"36"" x 48""",,04,,5.07,0.16,,,,
375372,"36"" x 48""",,04,,5.07,0.16,,,,
375373,2.5x2.5,,01,,10.41,0.23,,,,
375374,0915 x 1830mm,,00,,11.32,0.18,,,,
377492,2.5x2.5,,04,,10.41,0.23,,,,
377493,"36"" x 48""",,05,,5.07,0.16,,,,
377494,"36"" x 48""",,05,,5.07,0.16,,,,
377495,2.5x2.5,,02,,10.41,0.23,,,,
377496,0915 x 1830mm,,01,,11.32,0.18,,,,
377706,2.5x2.5,,03,,10.41,0.23,,,,
377707,"36"" x 48""",,04,,5.07,0.16,,,,
377708,"36"" x 48""",,04,,5.07,0.16,,,,
377709,2.5x2.5,,02,,10.41,0.23,,,,
377710,0915 x 1830mm,,01,,11.32,0.18,,,,
377749,2.5x2.5,,03,,10.41,0.23,,,,
377750,"36"" x 48""",,04,,5.07,0.16,,,,
377751,"36"" x 48""",,04,,5.07,0.16,,,,
377752,2.5x2.5,,02,,10.41,0.23,,,,
377753,0915 x 1830mm,,01,,11.32,0.18,,,,
377754,2.5x2.5,,03,,10.41,0.23,,,,
377755,"36"" x 48""",,04,,5.07,0.16,,,,
377756,"36"" x 48""",,04,,5.07,0.16,,,,
377757,2.5x2.5,,02,,10.41,0.23,,,,
377758,0915 x 1830mm,,01,,11.32,0.18,,,,
377773,2.5x2.5,,03,,10.41,0.23,,,,
377774,"36"" x 48""",,04,,5.07,0.16,,,,
377775,"36"" x 48""",,04,,5.07,0.16,,,,
377776,2.5x2.5,,02,,10.41,0.23,,,,
377777,0915 x 1830mm,,01,,11.32,0.18,,,,
377821,2.5x2.5,,04,,10.41,0.23,,,,
377822,"36"" x 48""",,05,,5.07,0.16,,,,
377823,"36"" x 48""",,05,,5.07,0.16,,,,
377824,2.5x2.5,,02,,10.41,0.23,,,,
377825,0915 x 1830mm,,01,,11.32,0.18,,,,
377826,2.5x2.5,,03,,10.41,0.23,,,,
377827,"36"" x 48""",,04,,5.07,0.16,,,,
377828,"36"" x 48""",,04,,5.07,0.16,,,,
377829,2.5x2.5,,02,,10.41,0.23,,,,
377830,0915 x 1830mm,,01,,11.32,0.18,,,,
377831,2.5x2.5,,03,,10.41,0.23,,,,
377832,"36"" x 48""",,04,,5.07,0.16,,,,
377833,"36"" x 48""",,04,,5.07,0.16,,,,
377834,2.5x2.5,,02,,10.41,0.23,,,,
377835,0915 x 1830mm,,01,,11.32,0.18,,,,
377836,2.5x2.5,,03,,10.41,0.23,,,,
377837,"36"" x 48""",,04,,5.07,0.16,,,,
377838,"36"" x 48""",,04,,5.07,0.16,,,,
377839,2.5x2.5,,02,,10.41,0.23,,,,
377840,0915 x 1830mm,,01,,11.32,0.18,,,,
377841,2.5x2.5,,03,,10.41,0.23,,,,
377842,"36"" x 48""",,04,,5.07,0.16,,,,
377843,"36"" x 48""",,04,,5.07,0.16,,,,
377844,2.5x2.5,,02,,10.41,0.23,,,,
377845,0915 x 1830mm,,01,,11.32,0.18,,,,
378072,2.5x2.5,,03,,10.41,0.23,,,,
378073,"36"" x 48""",,04,,5.07,0.16,,,,
378074,"36"" x 48""",,04,,5.07,0.16,,,,
378075,2.5x2.5,,02,,10.41,0.23,,,,
378076,0915 x 1830mm,,01,,11.32,0.18,,,,
378077,2.5x2.5,,03,,10.41,0.23,,,,
378078,"36"" x 48""",,04,,5.07,0.16,,,,
378079,"36"" x 48""",,04,,5.07,0.16,,,,
378080,2.5x2.5,,02,,10.41,0.23,,,,
378081,0915 x 1830mm,,01,,11.32,0.18,,,,
378082,2.5x2.5,,03,,10.41,0.23,,,,
378083,"36"" x 48""",,04,,5.07,0.16,,,,
378084,"36"" x 48""",,04,,5.07,0.16,,,,
378085,2.5x2.5,,02,,10.41,0.23,,,,
378086,0915 x 1830mm,,01,,11.32,0.18,,,,
378087,2.5x2.5,,03,,10.41,0.23,,,,
378088,"36"" x 48""",,04,,5.07,0.16,,,,
378089,"36"" x 48""",,04,,5.07,0.16,,,,
378090,2.5x2.5,,02,,10.41,0.23,,,,
378091,0915 x 1830mm,,01,,11.32,0.18,,,,
378092,2.5x2.5,,03,,10.41,0.23,,,,
378093,"36"" x 48""",,04,,5.07,0.16,,,,
378094,"36"" x 48""",,04,,5.07,0.16,,,,
378095,2.5x2.5,,02,,10.41,0.23,,,,
378096,0915 x 1830mm,,01,,11.32,0.18,,,,
378097,2.5x2.5,,03,,10.41,0.23,,,,
378098,"36"" x 48""",,04,,5.07,0.16,,,,
378099,"36"" x 48""",,04,,5.07,0.16,,,,
378100,2.5x2.5,,02,,10.41,0.23,,,,
378101,0915 x 1830mm,,01,,11.32,0.18,,,,
378102,2.5x2.5,,03,,10.41,0.23,,,,
378103,"36"" x 48""",,04,,5.07,0.16,,,,
378104,"36"" x 48""",,04,,5.07,0.16,,,,
378105,2.5x2.5,,02,,10.41,0.23,,,,
378106,0915 x 1830mm,,01,,11.32,0.18,,,,
378107,2.5x2.5,,03,,10.41,0.23,,,,
378108,"36"" x 48""",,04,,5.07,0.16,,,,
378109,"36"" x 48""",,04,,5.07,0.16,,,,
378110,2.5x2.5,,02,,10.41,0.23,,,,
378111,0915 x 1830mm,,01,,11.32,0.18,,,,
378112,2.5x2.5,,03,,10.41,0.23,,,,
378113,"36"" x 48""",,04,,5.07,0.16,,,,
378114,"36"" x 48""",,04,,5.07,0.16,,,,
378115,2.5x2.5,,02,,10.41,0.23,,,,
378116,0915 x 1830mm,,01,,11.32,0.18,,,,
378117,2.5x2.5,,03,,10.41,0.23,,,,
378118,"36"" x 48""",,04,,5.07,0.16,,,,
378119,"36"" x 48""",,04,,5.07,0.16,,,,
378120,2.5x2.5,,02,,10.41,0.23,,,,
378121,0915 x 1830mm,,01,,11.32,0.18,,,,
378216,2.5x2.5,,03,,10.41,0.23,,,,
378217,"36"" x 48""",,04,,5.07,0.16,,,,
378218,"36"" x 48""",,04,,5.07,0.16,,,,
378219,2.5x2.5,,02,,10.41,0.23,,,,
378220,0915 x 1830mm,,01,,11.32,0.18,,,,
378221,2.5x2.5,,03,,10.41,0.23,,,,
378222,"36"" x 48""",,04,,5.07,0.16,,,,
378223,"36"" x 48""",,04,,5.07,0.16,,,,
378224,2.5x2.5,,02,,10.41,0.23,,,,
378225,0915 x 1830mm,,01,,11.32,0.18,,,,
378226,2.5x2.5,,03,,10.41,0.23,,,,
378227,"36"" x 48""",,04,,5.07,0.16,,,,
378228,"36"" x 48""",,04,,5.07,0.16,,,,
378229,2.5x2.5,,02,,10.41,0.23,,,,
378230,0915 x 1830mm,,01,,11.32,0.18,,,,
378231,2.5x2.5,,03,,10.41,0.23,,,,
378232,"36"" x 48""",,04,,5.07,0.16,,,,
378233,"36"" x 48""",,04,,5.07,0.16,,,,
378234,2.5x2.5,,02,,10.41,0.23,,,,
378235,0915 x 1830mm,,01,,11.32,0.18,,,,
378236,2.5x2.5,,03,,10.41,0.23,,,,
378237,"36"" x 48""",,04,,5.07,0.16,,,,
378238,"36"" x 48""",,04,,5.07,0.16,,,,
378239,2.5x2.5,,02,,10.41,0.23,,,,
378240,0915 x 1830mm,,01,,11.32,0.18,,,,
378311,2.5x2.5,,03,,10.41,0.23,,,,
378312,"36"" x 48""",,04,,5.07,0.16,,,,
378313,"36"" x 48""",,04,,5.07,0.16,,,,
378314,2.5x2.5,,02,,10.41,0.23,,,,
378315,0915 x 1830mm,,01,,11.32,0.18,,,,
378316,2.5x2.5,,03,,10.41,0.23,,,,
378317,"36"" x 48""",,04,,5.07,0.16,,,,
378318,"36"" x 48""",,04,,5.07,0.16,,,,
378319,2.5x2.5,,02,,10.41,0.23,,,,
378320,0915 x 1830mm,,01,,11.32,0.18,,,,
378321,2.5x2.5,,03,,10.41,0.23,,,,
378322,"36"" x 48""",,04,,5.07,0.16,,,,
378323,"36"" x 48""",,04,,5.07,0.16,,,,
378324,2.5x2.5,,02,,10.41,0.23,,,,
378325,0915 x 1830mm,,01,,11.32,0.18,,,,
378326,2.5x2.5,,03,,10.41,0.23,,,,
378327,"36"" x 48""",,04,,5.07,0.16,,,,
378328,"36"" x 48""",,04,,5.07,0.16,,,,
378329,2.5x2.5,,02,,10.41,0.23,,,,
378330,0915 x 1830mm,,01,,11.32,0.18,,,,
378331,2.5x2.5,,03,,10.41,0.23,,,,
378332,"36"" x 48""",,04,,5.07,0.16,,,,
378333,"36"" x 48""",,04,,5.07,0.16,,,,
378334,2.5x2.5,,02,,10.41,0.23,,,,
378335,0915 x 1830mm,,01,,11.32,0.18,,,,
378424,2.5x2.5,,03,,10.41,0.23,,,,
378425,"36"" x 48""",,04,,5.07,0.16,,,,
378426,"36"" x 48""",,04,,5.07,0.16,,,,
378427,2.5x2.5,,02,,10.41,0.23,,,,
378428,0915 x 1830mm,,01,,11.32,0.18,,,,
378429,2.5x2.5,,03,,10.41,0.23,,,,
378430,"36"" x 48""",,04,,5.07,0.16,,,,
378431,"36"" x 48""",,04,,5.07,0.16,,,,
378432,2.5x2.5,,02,,10.41,0.23,,,,
378433,0915 x 1830mm,,01,,11.32,0.18,,,,
378434,2.5x2.5,,03,,10.41,0.23,,,,
378435,"36"" x 48""",,04,,5.07,0.16,,,,
378436,"36"" x 48""",,04,,5.07,0.16,,,,
378437,2.5x2.5,,02,,10.41,0.23,,,,
378438,0915 x 1830mm,,01,,11.32,0.18,,,,
378439,2.5x2.5,,03,,10.41,0.23,,,,
378440,"36"" x 48""",,04,,5.07,0.16,,,,
378441,"36"" x 48""",,04,,5.07,0.16,,,,
378442,2.5x2.5,,02,,10.41,0.23,,,,
378443,0915 x 1830mm,,01,,11.32,0.18,,,,
378444,2.5x2.5,,03,,10.41,0.23,,,,
378445,"36"" x 48""",,04,,5.07,0.16,,,,
378446,"36"" x 48""",,04,,5.07,0.16,,,,
378447,2.5x2.5,,02,,10.41,0.23,,,,
378448,0915 x 1830mm,,01,,11.32,0.18,,,,
378507,2.5x2.5,,03,,10.41,0.23,,,,
378508,"36"" x 48""",,04,,5.07,0.16,,,,
378509,"36"" x 48""",,04,,5.07,0.16,,,,
378510,2.5x2.5,,02,,10.41,0.23,,,,
378511,0915 x 1830mm,,01,,11.32,0.18,,,,
378512,2.5x2.5,,03,,10.41,0.23,,,,
378513,"36"" x 48""",,04,,5.07,0.16,,,,
378514,"36"" x 48""",,04,,5.07,0.16,,,,
378515,2.5x2.5,,02,,10.41,0.23,,,,
378516,0915 x 1830mm,,01,,11.32,0.18,,,,
378517,2.5x2.5,,03,,10.41,0.23,,,,
378518,"36"" x 48""",,04,,5.07,0.16,,,,
378519,"36"" x 48""",,04,,5.07,0.16,,,,
378520,2.5x2.5,,02,,10.41,0.23,,,,
378521,0915 x 1830mm,,01,,11.32,0.18,,,,
378522,2.5x2.5,,03,,10.41,0.23,,,,
378523,"36"" x 48""",,04,,5.07,0.16,,,,
378524,"36"" x 48""",,04,,5.07,0.16,,,,
378525,2.5x2.5,,02,,10.41,0.23,,,,
378526,0915 x 1830mm,,01,,11.32,0.18,,,,
378527,2.5x2.5,,03,,10.41,0.23,,,,
378528,"36"" x 48""",,04,,5.07,0.16,,,,
378529,"36"" x 48""",,04,,5.07,0.16,,,,
378530,2.5x2.5,,02,,10.41,0.23,,,,
378531,0915 x 1830mm,,01,,11.32,0.18,,,,
383539,2.5x2.5,,03,,10.41,0.23,,,,
383540,"36"" x 48""",,04,,5.07,0.16,,,,
383541,"36"" x 48""",,04,,5.07,0.16,,,,
383542,2.5x2.5,,02,,10.41,0.23,,,,
383543,0915 x 1830mm,,01,,11.32,0.18,,,,
383544,2.5x2.5,,03,,10.41,0.23,,,,
383545,"36"" x 48""",,04,,5.07,0.16,,,,
383546,"36"" x 48""",,04,,5.07,0.16,,,,
383547,2.5x2.5,,02,,10.41,0.23,,,,
383548,0915 x 1830mm,,01,,11.32,0.18,,,,
383549,2.5x2.5,,03,,10.41,0.23,,,,
383550,"36"" x 48""",,04,,5.07,0.16,,,,
383551,"36"" x 48""",,04,,5.07,0.16,,,,
383552,2.5x2.5,,02,,10.41,0.23,,,,
383553,0915 x 1830mm,,01,,11.32,0.18,,,,
383554,2.5x2.5,,03,,10.41,0.23,,,,
383555,"36"" x 48""",,04,,5.07,0.16,,,,
383556,"36"" x 48""",,04,,5.07,0.16,,,,
383557,2.5x2.5,,02,,10.41,0.23,,,,
383558,0915 x 1830mm,,01,,11.32,0.18,,,,
383559,2.5x2.5,,03,,10.41,0.23,,,,
383560,"36"" x 48""",,04,,5.07,0.16,,,,
383561,"36"" x 48""",,04,,5.07,0.16,,,,
383562,2.5x2.5,,02,,10.41,0.23,,,,
383563,0915 x 1830mm,,01,,11.32,0.18,,,,
383604,2.5x2.5,,03,,10.41,0.23,,,,
383605,"36"" x 48""",,04,,5.07,0.16,,,,
383606,"36"" x 48""",,04,,5.07,0.16,,,,
383607,2.5x2.5,,02,,10.41,0.23,,,,
383608,0915 x 1830mm,,01,,11.32,0.18,,,,
383609,2.5x2.5,,03,,10.41,0.23,,,,
383610,"36"" x 48""",,04,,5.07,0.16,,,,
383611,"36"" x 48""",,04,,5.07,0.16,,,,
383612,2.5x2.5,,02,,10.41,0.23,,,,
383613,0915 x 1830mm,,01,,11.32,0.18,,,,
383614,2.5x2.5,,03,,10.41,0.23,,,,
383615,"36"" x 48""",,04,,5.07,0.16,,,,
383616,"36"" x 48""",,04,,5.07,0.16,,,,
383617,2.5x2.5,,02,,10.41,0.23,,,,
383618,0915 x 1830mm,,01,,11.32,0.18,,,,
383619,2.5x2.5,,03,,10.41,0.23,,,,
383620,"36"" x 48""",,04,,5.07,0.16,,,,
383621,"36"" x 48""",,04,,5.07,0.16,,,,
383622,2.5x2.5,,02,,10.41,0.23,,,,
383623,0915 x 1830mm,,01,,11.32,0.18,,,,
383624,2.5x2.5,,03,,10.41,0.23,,,,
383625,"36"" x 48""",,04,,5.07,0.16,,,,
383626,"36"" x 48""",,04,,5.07,0.16,,,,
383627,2.5x2.5,,02,,10.41,0.23,,,,
383628,0915 x 1830mm,,01,,11.32,0.18,,,,
383684,1830 x 0610WIDESMALL,,04,,11.45,0.18,,,,
383685,1830 x 0610WIDESMALL,,04,,11.45,0.18,,,,
383686,1830 x 0610WIDE,,04,,16.33,0.26,,,,
383687,1830 x 0610WIDE,,04,,16.33,0.26,,,,
383688,1830 x 0610WIDE,,04,,16.33,0.26,,,,
383689,1830 x 0610WIDE,,04,,16.33,0.26,,,,
383690,1830 x 0610WIDE,,04,,16.33,0.26,,,,
383691,1830 x 0610WIDE,,04,,16.33,0.26,,,,
383692,1830 x 0610WIDE,,04,,16.33,0.26,,,,
383779,1830 x 0610WIDESMALL,,03,,11.45,0.18,,,,
383780,1830 x 0610WIDESMALL,,03,,11.45,0.18,,,,
383781,1830 x 0610WIDE,,03,,16.33,0.26,,,,
383782,1830 x 0610WIDE,,03,,16.33,0.26,,,,
383783,1830 x 0610WIDE,,03,,16.33,0.26,,,,
383784,1830 x 0610WIDE,,03,,16.33,0.26,,,,
383785,1830 x 0610WIDE,,03,,16.33,0.26,,,,
383786,1830 x 0610WIDE,,03,,16.33,0.26,,,,
383787,1830 x 0610WIDE,,03,,16.33,0.26,,,,
383797,1830 x 0610WIDESMALL,,02,,11.45,0.18,,,,
383798,1830 x 0610WIDESMALL,,02,,11.45,0.18,,,,
383799,1830 x 0610WIDE,,02,,16.33,0.26,,,,
383800,1830 x 0610WIDE,,02,,16.33,0.26,,,,
383801,1830 x 0610WIDE,,02,,16.33,0.26,,,,
383802,1830 x 0610WIDE,,02,,16.33,0.26,,,,
383803,1830 x 0610WIDE,,02,,16.33,0.26,,,,
383804,1830 x 0610WIDE,,02,,16.33,0.26,,,,
383805,1830 x 0610WIDE,,02,,16.33,0.26,,,,
383875,1830 x 0610WIDESMALL,,02,,11.45,0.18,,,,
383876,1830 x 0610WIDESMALL,,02,,11.45,0.18,,,,
383877,1830 x 0610WIDE,,02,,16.33,0.26,,,,
383878,1830 x 0610WIDE,,02,,16.33,0.26,,,,
383879,1830 x 0610WIDE,,02,,16.33,0.26,,,,
383880,1830 x 0610WIDE,,02,,16.33,0.26,,,,
383881,1830 x 0610WIDE,,02,,16.33,0.26,,,,
383882,1830 x 0610WIDE,,02,,16.33,0.26,,,,
383883,1830 x 0610WIDE,,02,,16.33,0.26,,,,
383884,1830 x 0610WIDESMALL,,01,,11.45,0.18,,,,
383885,1830 x 0610WIDESMALL,,01,,11.45,0.18,,,,
383886,1830 x 0610WIDE,,01,,16.33,0.26,,,,
383887,1830 x 0610WIDE,,01,,16.33,0.26,,,,
383888,1830 x 0610WIDE,,01,,16.33,0.26,,,,
383889,1830 x 0610WIDE,,01,,16.33,0.26,,,,
383890,1830 x 0610WIDE,,01,,16.33,0.26,,,,
383891,1830 x 0610WIDE,,01,,16.33,0.26,,,,
383892,1830 x 0610WIDE,,01,,16.33,0.26,,,,
383893,1830 x 0610WIDESMALL,,00,,11.45,0.18,,,,
383894,1830 x 0610WIDESMALL,,00,,11.45,0.18,,,,
383895,1830 x 0610WIDE,,00,,16.33,0.26,,,,
383896,1830 x 0610WIDE,,00,,16.33,0.26,,,,
383897,1830 x 0610WIDE,,00,,16.33,0.26,,,,
383898,1830 x 0610WIDE,,00,,16.33,0.26,,,,
383899,1830 x 0610WIDE,,00,,16.33,0.26,,,,
383900,1830 x 0610WIDE,,00,,16.33,0.26,,,,
383901,1830 x 0610WIDE,,00,,16.33,0.26,,,,
383924,2.5x2.5,,03,,10.41,0.23,,,,
383925,"36"" x 48""",,04,,5.07,0.16,,,,
383926,"36"" x 48""",,04,,5.07,0.16,,,,
383927,2.5x2.5,,01,,10.41,0.23,,,,
383928,0915 x 1830mm,,00,,11.32,0.18,,,,
384220,2.5x2.5,,03,,10.41,0.23,,,,
384221,"36"" x 48""",,04,,5.07,0.16,,,,
384222,"36"" x 48""",,04,,5.07,0.16,,,,
384223,2.5x2.5,,01,,10.41,0.23,,,,
384224,0915 x 1830mm,,00,,11.32,0.18,,,,
384246,2.5x2.5,,03,,10.41,0.23,,,,
384247,"36"" x 48""",,04,,5.07,0.16,,,,
384248,"36"" x 48""",,04,,5.07,0.16,,,,
384249,2.5x2.5,,01,,10.41,0.23,,,,
384250,0915 x 1830mm,,00,,11.32,0.18,,,,
384257,2.5x2.5,,03,,10.41,0.23,,,,
384258,"36"" x 48""",,04,,5.07,0.16,,,,
384259,"36"" x 48""",,04,,5.07,0.16,,,,
384260,2.5x2.5,,01,,10.41,0.23,,,,
384261,0915 x 1830mm,,00,,11.32,0.18,,,,
384268,2.5x2.5,,03,,10.41,0.23,,,,
384269,"36"" x 48""",,04,,5.07,0.16,,,,
384270,"36"" x 48""",,04,,5.07,0.16,,,,
384271,2.5x2.5,,01,,10.41,0.23,,,,
384272,0915 x 1830mm,,00,,11.32,0.18,,,,
384279,2.5x2.5,,03,,10.41,0.23,,,,
384280,"36"" x 48""",,04,,5.07,0.16,,,,
384281,"36"" x 48""",,04,,5.07,0.16,,,,
384282,2.5x2.5,,01,,10.41,0.23,,,,
384283,0915 x 1830mm,,00,,11.32,0.18,,,,
384290,2.5x2.5,,03,,10.41,0.23,,,,
384291,"36"" x 48""",,04,,5.07,0.16,,,,
384292,"36"" x 48""",,04,,5.07,0.16,,,,
384293,2.5x2.5,,01,,10.41,0.23,,,,
384294,0915 x 1830mm,,00,,11.32,0.18,,,,
384301,2.5x2.5,,03,,10.41,0.23,,,,
384302,"36"" x 48""",,04,,5.07,0.16,,,,
384303,"36"" x 48""",,04,,5.07,0.16,,,,
384304,2.5x2.5,,01,,10.41,0.23,,,,
384305,0915 x 1830mm,,00,,11.32,0.18,,,,
384312,2.5x2.5,,03,,10.41,0.23,,,,
384313,"36"" x 48""",,04,,5.07,0.16,,,,
384314,"36"" x 48""",,04,,5.07,0.16,,,,
384315,2.5x2.5,,01,,10.41,0.23,,,,
384316,0915 x 1830mm,,00,,11.32,0.18,,,,
384323,2.5x2.5,,03,,10.41,0.23,,,,
384324,"36"" x 48""",,04,,5.07,0.16,,,,
384325,"36"" x 48""",,04,,5.07,0.16,,,,
384326,2.5x2.5,,01,,10.41,0.23,,,,
384327,0915 x 1830mm,,00,,11.32,0.18,,,,
384334,2.5x2.5,,03,,10.41,0.23,,,,
384335,"36"" x 48""",,04,,5.07,0.16,,,,
384336,"36"" x 48""",,04,,5.07,0.16,,,,
384337,2.5x2.5,,01,,10.41,0.23,,,,
384338,0915 x 1830mm,,00,,11.32,0.18,,,,
384345,2.5x2.5,,03,,10.41,0.23,,,,
384346,"36"" x 48""",,04,,5.07,0.16,,,,
384347,"36"" x 48""",,04,,5.07,0.16,,,,
384348,2.5x2.5,,01,,10.41,0.23,,,,
384349,0915 x 1830mm,,00,,11.32,0.18,,,,
384356,2.5x2.5,,03,,10.41,0.23,,,,
384357,"36"" x 48""",,04,,5.07,0.16,,,,
384358,"36"" x 48""",,04,,5.07,0.16,,,,
384359,2.5x2.5,,01,,10.41,0.23,,,,
384360,0915 x 1830mm,,00,,11.32,0.18,,,,
384367,2.5x2.5,,03,,10.41,0.23,,,,
384368,"36"" x 48""",,04,,5.07,0.16,,,,
384369,"36"" x 48""",,04,,5.07,0.16,,,,
384370,2.5x2.5,,01,,10.41,0.23,,,,
384371,0915 x 1830mm,,00,,11.32,0.18,,,,
384378,2.5x2.5,,03,,10.41,0.23,,,,
384379,"36"" x 48""",,04,,5.07,0.16,,,,
384380,"36"" x 48""",,04,,5.07,0.16,,,,
384381,2.5x2.5,,01,,10.41,0.23,,,,
384382,0915 x 1830mm,,00,,11.32,0.18,,,,
384531,Generic - 200mm,,00,58.75,946.06,189.17,0.11,-0.99,-0.0,173.64
384532,Generic - 200mm,,00,21.99,402.81,80.56,0.11,-0.99,-0.0,173.64
384535,2.5x2.5,,03,,10.41,0.23,,,,
384536,"36"" x 48""",,04,,5.07,0.16,,,,
384537,"36"" x 48""",,04,,5.07,0.16,,,,
384538,2.5x2.5,,01,,10.41,0.23,,,,
384539,0915 x 1830mm,,00,,11.32,0.18,,,,
384540,2.5x2.5,,03,,10.41,0.23,,,,
384541,"36"" x 48""",,04,,5.07,0.16,,,,
384542,"36"" x 48""",,04,,5.07,0.16,,,,
384543,2.5x2.5,,01,,10.41,0.23,,,,
384544,0915 x 1830mm,,00,,11.32,0.18,,,,
384545,2.5x2.5,,03,,10.41,0.23,,,,
384546,"36"" x 48""",,04,,5.07,0.16,,,,
384547,"36"" x 48""",,04,,5.07,0.16,,,,
384548,2.5x2.5,,01,,10.41,0.23,,,,
384549,0915 x 1830mm,,00,,11.32,0.18,,,,
384550,2.5x2.5,,03,,10.41,0.23,,,,
384551,"36"" x 48""",,04,,5.07,0.16,,,,
384552,"36"" x 48""",,04,,5.07,0.16,,,,
384553,2.5x2.5,,01,,10.41,0.23,,,,
384554,0915 x 1830mm,,00,,11.32,0.18,,,,
384555,2.5x2.5,,03,,10.41,0.23,,,,
384556,"36"" x 48""",,04,,5.07,0.16,,,,
384557,"36"" x 48""",,04,,5.07,0.16,,,,
384558,2.5x2.5,,01,,10.41,0.23,,,,
384559,0915 x 1830mm,,00,,11.32,0.18,,,,
384560,2.5x2.5,,03,,10.41,0.23,,,,
384561,"36"" x 48""",,04,,5.07,0.16,,,,
384562,"36"" x 48""",,04,,5.07,0.16,,,,
384563,2.5x2.5,,01,,10.41,0.23,,,,
384564,0915 x 1830mm,,00,,11.32,0.18,,,,
384565,2.5x2.5,,03,,10.41,0.23,,,,
384566,"36"" x 48""",,04,,5.07,0.16,,,,
384567,"36"" x 48""",,04,,5.07,0.16,,,,
384568,2.5x2.5,,01,,10.41,0.23,,,,
384569,0915 x 1830mm,,00,,11.32,0.18,,,,
384570,2.5x2.5,,03,,10.41,0.23,,,,
384571,"36"" x 48""",,04,,5.07,0.16,,,,
384572,"36"" x 48""",,04,,5.07,0.16,,,,
384573,2.5x2.5,,01,,10.41,0.23,,,,
384574,0915 x 1830mm,,00,,11.32,0.18,,,,
384575,2.5x2.5,,03,,10.41,0.23,,,,
384576,"36"" x 48""",,04,,5.07,0.16,,,,
384577,"36"" x 48""",,04,,5.07,0.16,,,,
384578,2.5x2.5,,01,,10.41,0.23,,,,
384579,0915 x 1830mm,,00,,11.32,0.18,,,,
384580,2.5x2.5,,03,,10.41,0.23,,,,
384581,"36"" x 48""",,04,,5.07,0.16,,,,
384582,"36"" x 48""",,04,,5.07,0.16,,,,
384583,2.5x2.5,,01,,10.41,0.23,,,,
384584,0915 x 1830mm,,00,,11.32,0.18,,,,
384585,2.5x2.5,,03,,10.41,0.23,,,,
384586,"36"" x 48""",,04,,5.07,0.16,,,,
384587,"36"" x 48""",,04,,5.07,0.16,,,,
384588,2.5x2.5,,01,,10.41,0.23,,,,
384589,0915 x 1830mm,,00,,11.32,0.18,,,,
384590,2.5x2.5,,03,,10.41,0.23,,,,
384591,"36"" x 48""",,04,,5.07,0.16,,,,
384592,"36"" x 48""",,04,,5.07,0.16,,,,
384593,2.5x2.5,,01,,10.41,0.23,,,,
384594,0915 x 1830mm,,00,,11.32,0.18,,,,
384595,2.5x2.5,,03,,10.41,0.23,,,,
384596,"36"" x 48""",,04,,5.07,0.16,,,,
384597,"36"" x 48""",,04,,5.07,0.16,,,,
384598,2.5x2.5,,01,,10.41,0.23,,,,
384599,0915 x 1830mm,,00,,11.32,0.18,,,,
384600,2.5x2.5,,03,,10.41,0.23,,,,
384601,"36"" x 48""",,04,,5.07,0.16,,,,
384602,"36"" x 48""",,04,,5.07,0.16,,,,
384603,2.5x2.5,,01,,10.41,0.23,,,,
384604,0915 x 1830mm,,00,,11.32,0.18,,,,
384605,2.5x2.5,,03,,10.41,0.23,,,,
384606,"36"" x 48""",,04,,5.07,0.16,,,,
384607,"36"" x 48""",,04,,5.07,0.16,,,,
384608,2.5x2.5,,01,,10.41,0.23,,,,
384609,0915 x 1830mm,,00,,11.32,0.18,,,,
384610,2.5x2.5,,03,,10.41,0.23,,,,
384611,"36"" x 48""",,04,,5.07,0.16,,,,
384612,"36"" x 48""",,04,,5.07,0.16,,,,
384613,2.5x2.5,,01,,10.41,0.23,,,,
384614,0915 x 1830mm,,00,,11.32,0.18,,,,
384615,2.5x2.5,,03,,10.41,0.23,,,,
384616,"36"" x 48""",,04,,5.07,0.16,,,,
384617,"36"" x 48""",,04,,5.07,0.16,,,,
384618,2.5x2.5,,01,,10.41,0.23,,,,
384619,0915 x 1830mm,,00,,11.32,0.18,,,,
384620,2.5x2.5,,03,,10.41,0.23,,,,
384621,"36"" x 48""",,04,,5.07,0.16,,,,
384622,"36"" x 48""",,04,,5.07,0.16,,,,
384623,2.5x2.5,,01,,10.41,0.23,,,,
384624,0915 x 1830mm,,00,,11.32,0.18,,,,
384673,0915 x 1830mm,,01,,11.32,0.18,,,,
384763,0915 x 1830mm,,01,,11.32,0.18,,,,
384816,0915 x 1830mm,,01,,11.32,0.18,,,,
384817,0915 x 1830mm,,01,,11.32,0.18,,,,
384958,Generic - 200mm,,00,19.04,151.61,30.3,-1.0,0.0,-0.0,270.0
385910,2.5x2.5,,03,,10.41,0.23,,,,
385911,2.5x2.5,,01,,10.41,0.23,,,,
385912,0915 x 1830mmdoor,,00,,14.42,0.22,,,,
386006,2.5x2.5,,04,,10.41,0.23,,,,
386486,2.5x2.5,,03,,10.41,0.23,,,,
386487,2.5x2.5,,01,,10.41,0.23,,,,
386488,0915 x 1830mmdoor,,00,,14.42,0.22,,,,
386489,2.5x2.5,,04,,10.41,0.23,,,,
386643,2.5x2.5,,03,,10.41,0.23,,,,
386644,2.5x2.5,,01,,10.41,0.23,,,,
386645,0915 x 1830mm,,00,,11.32,0.18,,,,
386646,2.5x2.5,,04,,10.41,0.23,,,,
386713,2.5x2.5,,03,,10.41,0.23,,,,
386714,2.5x2.5,,01,,10.41,0.23,,,,
386715,0915 x 1830mm,,00,,11.32,0.18,,,,
386716,2.5x2.5,,04,,10.41,0.23,,,,
386728,2.5x2.5,,03,,10.41,0.23,,,,
386729,2.5x2.5,,01,,10.41,0.23,,,,
386730,0915 x 1830mm,,00,,11.32,0.18,,,,
386731,2.5x2.5,,04,,10.41,0.23,,,,
386743,2.5x2.5,,03,,10.41,0.23,,,,
386744,2.5x2.5,,01,,10.41,0.23,,,,
386745,0915 x 1830mm,,00,,11.32,0.18,,,,
386746,2.5x2.5,,04,,10.41,0.23,,,,
386770,2.5x2.5,,03,,10.41,0.23,,,,
386771,2.5x2.5,,01,,10.41,0.23,,,,
386772,0915 x 1830mm,,00,,11.32,0.18,,,,
386773,2.5x2.5,,04,,10.41,0.23,,,,
386774,2.5x2.5,,03,,10.41,0.23,,,,
386775,2.5x2.5,,01,,10.41,0.23,,,,
386776,0915 x 1830mm,,00,,11.32,0.18,,,,
386777,2.5x2.5,,04,,10.41,0.23,,,,
386778,2.5x2.5,,03,,10.41,0.23,,,,
386779,2.5x2.5,,01,,10.41,0.23,,,,
386780,0915 x 1830mm,,00,,11.32,0.18,,,,
386781,2.5x2.5,,04,,10.41,0.23,,,,
395190,2.5x2.5,,03,,10.41,0.23,,,,
395191,"36"" x 48""",,04,,5.07,0.16,,,,
395192,"36"" x 48""",,04,,5.07,0.16,,,,
395193,2.5x2.5,,02,,10.41,0.23,,,,
395194,0915 x 1830mm,,01,,11.32,0.18,,,,
395195,2.5x2.5,,03,,10.41,0.23,,,,
395196,"36"" x 48""",,04,,5.07,0.16,,,,
395197,"36"" x 48""",,04,,5.07,0.16,,,,
395198,2.5x2.5,,02,,10.41,0.23,,,,
395199,0915 x 1830mm,,01,,11.32,0.18,,,,
395200,2.5x2.5,,03,,10.41,0.23,,,,
395201,"36"" x 48""",,04,,5.07,0.16,,,,
395202,"36"" x 48""",,04,,5.07,0.16,,,,
395203,2.5x2.5,,02,,10.41,0.23,,,,
395204,0915 x 1830mm,,01,,11.32,0.18,,,,
395205,2.5x2.5,,03,,10.41,0.23,,,,
395206,"36"" x 48""",,04,,5.07,0.16,,,,
395207,"36"" x 48""",,04,,5.07,0.16,,,,
395208,2.5x2.5,,02,,10.41,0.23,,,,
395209,0915 x 1830mm,,01,,11.32,0.18,,,,
395210,2.5x2.5,,03,,10.41,0.23,,,,
395211,"36"" x 48""",,04,,5.07,0.16,,,,
395212,"36"" x 48""",,04,,5.07,0.16,,,,
395213,2.5x2.5,,02,,10.41,0.23,,,,
395214,0915 x 1830mm,,01,,11.32,0.18,,,,
395261,2.5x2.5,,03,,10.41,0.23,,,,
395262,"36"" x 48""",,04,,5.07,0.16,,,,
395263,"36"" x 48""",,04,,5.07,0.16,,,,
395264,2.5x2.5,,02,,10.41,0.23,,,,
395265,0915 x 1830mm,,01,,11.32,0.18,,,,
395266,2.5x2.5,,03,,10.41,0.23,,,,
395267,"36"" x 48""",,04,,5.07,0.16,,,,
395268,"36"" x 48""",,04,,5.07,0.16,,,,
395269,2.5x2.5,,02,,10.41,0.23,,,,
395270,0915 x 1830mm,,01,,11.32,0.18,,,,
395271,2.5x2.5,,03,,10.41,0.23,,,,
395272,"36"" x 48""",,04,,5.07,0.16,,,,
395273,"36"" x 48""",,04,,5.07,0.16,,,,
395274,2.5x2.5,,02,,10.41,0.23,,,,
395275,0915 x 1830mm,,01,,11.32,0.18,,,,
395276,2.5x2.5,,03,,10.41,0.23,,,,
395277,"36"" x 48""",,04,,5.07,0.16,,,,
395278,"36"" x 48""",,04,,5.07,0.16,,,,
395279,2.5x2.5,,02,,10.41,0.23,,,,
395280,0915 x 1830mm,,01,,11.32,0.18,,,,
395281,2.5x2.5,,03,,10.41,0.23,,,,
395282,"36"" x 48""",,04,,5.07,0.16,,,,
395283,"36"" x 48""",,04,,5.07,0.16,,,,
395284,2.5x2.5,,02,,10.41,0.23,,,,
395285,0915 x 1830mm,,01,,11.32,0.18,,,,
395346,"36"" x 48""",,04,,5.07,0.16,,,,
395347,"36"" x 48""",,04,,5.07,0.16,,,,
395348,"36"" x 48""",,04,,5.07,0.16,,,,
395349,"36"" x 48""",,04,,5.07,0.16,,,,
395350,"36"" x 48""",,04,,5.07,0.16,,,,
395351,"36"" x 48""",,04,,5.07,0.16,,,,
395352,"36"" x 48""",,04,,5.07,0.16,,,,
395353,"36"" x 48""",,04,,5.07,0.16,,,,
395354,"36"" x 48""",,04,,5.07,0.16,,,,
395355,"36"" x 48""",,04,,5.07,0.16,,,,
395452,"36"" x 48""",,04,,5.07,0.16,,,,
395453,"36"" x 48""",,04,,5.07,0.16,,,,
395454,"36"" x 48""",,04,,5.07,0.16,,,,
395508,"36"" x 48""",,04,,5.07,0.16,,,,
